exercise_id,muscle_id,contraction_type,fatigue_accumulation_factor,contribution_type,exercise_id
Assisted-Dips,7,concentric,HIGH,primary,Assisted-Dips
Assisted-Dips,4,concentric,HIGH,primary,Assisted-Dips
Assisted-Dips,21,concentric,HIGH,primary,Assisted-Dips
Band-Assisted-Bench-Press,7,concentric,HIGH,primary,Band-Assisted-Bench-Press
Band-Assisted-Bench-Press,4,concentric,HIGH,primary,Band-Assisted-Bench-Press
Band-Assisted-Bench-Press,21,concentric,MEDIUM,synergistic,Band-Assisted-Bench-Press
Bar-Dip,7,concentric,HIGH,primary,Bar-Dip
Bar-Dip,4,concentric,HIGH,primary,Bar-Dip
Bar-Dip,21,concentric,HIGH,primary,Bar-Dip
Bench-Press,7,concentric,HIGH,primary,Bench-Press
Bench-Press,4,concentric,HIGH,primary,Bench-Press
Bench-Press,21,concentric,MEDIUM,synergistic,Bench-Press
Bench-Press-Against-Band,7,concentric,HIGH,primary,Bench-Press-Against-Band
Bench-Press-Against-Band,4,concentric,HIGH,primary,Bench-Press-Against-Band
Bench-Press-Against-Band,21,concentric,MEDIUM,synergistic,Bench-Press-Against-Band
Board-Press,7,concentric,HIGH,primary,Board-Press
Board-Press,4,concentric,HIGH,primary,Board-Press
Board-Press,21,concentric,MEDIUM,synergistic,Board-Press
Cable-Chest-Press,7,concentric,HIGH,primary,Cable-Chest-Press
Cable-Chest-Press,4,concentric,MEDIUM,synergistic,Cable-Chest-Press
Cable-Chest-Press,21,concentric,MEDIUM,synergistic,Cable-Chest-Press
Close-Grip-Bench-Press,21,concentric,HIGH,primary,Close-Grip-Bench-Press
Close-Grip-Bench-Press,7,concentric,MEDIUM,synergistic,Close-Grip-Bench-Press
Close-Grip-Bench-Press,4,concentric,MEDIUM,synergistic,Close-Grip-Bench-Press
Close-Grip-Feet-up-Bench-Press,21,concentric,HIGH,primary,Close-Grip-Feet-up-Bench-Press
Close-Grip-Feet-up-Bench-Press,7,concentric,MEDIUM,synergistic,Close-Grip-Feet-up-Bench-Press
Close-Grip-Feet-up-Bench-Press,4,concentric,MEDIUM,synergistic,Close-Grip-Feet-up-Bench-Press
Decline-Bench-Press,7,concentric,HIGH,primary,Decline-Bench-Press
Decline-Bench-Press,21,concentric,MEDIUM,synergistic,Decline-Bench-Press
Decline-Bench-Press,4,concentric,MEDIUM,synergistic,Decline-Bench-Press
Decline-Push-Up,7,concentric,HIGH,primary,Decline-Push-Up
Decline-Push-Up,4,concentric,HIGH,primary,Decline-Push-Up
Decline-Push-Up,21,concentric,MEDIUM,synergistic,Decline-Push-Up
Decline-Push-Up,1,isometric,LOW,stabilizing,Decline-Push-Up
Dumbbell-Chest-Fly,7,concentric,HIGH,primary,Dumbbell-Chest-Fly
Dumbbell-Chest-Fly,4,isometric,LOW,stabilizing,Dumbbell-Chest-Fly
Dumbbell-Chest-Press,7,concentric,HIGH,primary,Dumbbell-Chest-Press
Dumbbell-Chest-Press,4,concentric,HIGH,primary,Dumbbell-Chest-Press
Dumbbell-Chest-Press,21,concentric,MEDIUM,synergistic,Dumbbell-Chest-Press
Dumbbell-Decline-Chest-Press,7,concentric,HIGH,primary,Dumbbell-Decline-Chest-Press
Dumbbell-Decline-Chest-Press,4,concentric,HIGH,primary,Dumbbell-Decline-Chest-Press
Dumbbell-Decline-Chest-Press,21,concentric,MEDIUM,synergistic,Dumbbell-Decline-Chest-Press
Dumbbell-Floor-Press,7,concentric,HIGH,primary,Dumbbell-Floor-Press
Dumbbell-Floor-Press,4,concentric,HIGH,primary,Dumbbell-Floor-Press
Dumbbell-Floor-Press,21,concentric,MEDIUM,synergistic,Dumbbell-Floor-Press
Dumbbell-Pullover,7,concentric,HIGH,primary,Dumbbell-Pullover
Dumbbell-Pullover,13,concentric,MEDIUM,synergistic,Dumbbell-Pullover
Feet-up-Bench-Press,7,concentric,HIGH,primary,Feet-up-Bench-Press
Feet-up-Bench-Press,4,concentric,HIGH,primary,Feet-up-Bench-Press
Feet-up-Bench-Press,21,concentric,MEDIUM,synergistic,Feet-up-Bench-Press
Floor-Press,7,concentric,HIGH,primary,Floor-Press
Floor-Press,4,concentric,HIGH,primary,Floor-Press
Floor-Press,21,concentric,MEDIUM,synergistic,Floor-Press
Incline-Bench-Press,7,concentric,HIGH,primary,Incline-Bench-Press
Incline-Bench-Press,4,concentric,HIGH,primary,Incline-Bench-Press
Incline-Bench-Press,21,concentric,MEDIUM,synergistic,Incline-Bench-Press
Dumbbell-Incline-Press,7,concentric,HIGH,primary,Dumbbell-Incline-Press
Dumbbell-Incline-Press,4,concentric,HIGH,primary,Dumbbell-Incline-Press
Dumbbell-Incline-Press,21,concentric,MEDIUM,synergistic,Dumbbell-Incline-Press
Incline-Push-Up,7,concentric,HIGH,primary,Incline-Push-Up
Incline-Push-Up,4,concentric,HIGH,primary,Incline-Push-Up
Incline-Push-Up,21,concentric,MEDIUM,synergistic,Incline-Push-Up
Incline-Push-Up,1,isometric,LOW,stabilizing,Incline-Push-Up
Kettlebell-Floor-Press,7,concentric,HIGH,primary,Kettlebell-Floor-Press
Kettlebell-Floor-Press,4,concentric,HIGH,primary,Kettlebell-Floor-Press
Kettlebell-Floor-Press,21,concentric,MEDIUM,synergistic,Kettlebell-Floor-Press
Kneeling-Incline-Push-Up,7,concentric,HIGH,primary,Kneeling-Incline-Push-Up
Kneeling-Incline-Push-Up,4,concentric,HIGH,primary,Kneeling-Incline-Push-Up
Kneeling-Incline-Push-Up,21,concentric,MEDIUM,synergistic,Kneeling-Incline-Push-Up
Kneeling-Incline-Push-Up,1,isometric,LOW,stabilizing,Kneeling-Incline-Push-Up
Kneeling-Push-Up,7,concentric,HIGH,primary,Kneeling-Push-Up
Kneeling-Push-Up,4,concentric,HIGH,primary,Kneeling-Push-Up
Kneeling-Push-Up,21,concentric,MEDIUM,synergistic,Kneeling-Push-Up
Kneeling-Push-Up,1,isometric,LOW,stabilizing,Kneeling-Push-Up
Machine-Chest-Fly,7,concentric,HIGH,primary,Machine-Chest-Fly
Machine-Chest-Fly,4,isometric,LOW,stabilizing,Machine-Chest-Fly
Machine-Chest-Press,7,concentric,HIGH,primary,Machine-Chest-Press
Machine-Chest-Press,4,concentric,HIGH,primary,Machine-Chest-Press
Machine-Chest-Press,21,concentric,MEDIUM,synergistic,Machine-Chest-Press
Pec-Deck,7,concentric,HIGH,primary,Pec-Deck
Pec-Deck,4,isometric,LOW,stabilizing,Pec-Deck
Pin-Bench-Press,7,concentric,HIGH,primary,Pin-Bench-Press
Pin-Bench-Press,4,concentric,HIGH,primary,Pin-Bench-Press
Pin-Bench-Press,21,concentric,MEDIUM,synergistic,Pin-Bench-Press
Push-Up,7,concentric,HIGH,primary,Push-Up
Push-Up,4,concentric,HIGH,primary,Push-Up
Push-Up,21,concentric,MEDIUM,synergistic,Push-Up
Push-Up,1,isometric,LOW,stabilizing,Push-Up
Push-up-Against-Wall,7,concentric,HIGH,primary,Push-up-Against-Wall
Push-up-Against-Wall,4,concentric,HIGH,primary,Push-up-Against-Wall
Push-up-Against-Wall,21,concentric,MEDIUM,synergistic,Push-up-Against-Wall
Push-up-Against-Wall,1,isometric,LOW,stabilizing,Push-up-Against-Wall
Push-Ups-with-Feet-in-Rings,7,concentric,HIGH,primary,Push-Ups-with-Feet-in-Rings
Push-Ups-with-Feet-in-Rings,4,concentric,HIGH,primary,Push-Ups-with-Feet-in-Rings
Push-Ups-with-Feet-in-Rings,21,concentric,MEDIUM,synergistic,Push-Ups-with-Feet-in-Rings
Push-Ups-with-Feet-in-Rings,1,isometric,LOW,stabilizing,Push-Ups-with-Feet-in-Rings
Resistance-Band-Chest-Fly,7,concentric,HIGH,primary,Resistance-Band-Chest-Fly
Resistance-Band-Chest-Fly,4,isometric,LOW,stabilizing,Resistance-Band-Chest-Fly
Ring-Dip,21,concentric,HIGH,primary,Ring-Dip
Ring-Dip,7,concentric,HIGH,primary,Ring-Dip
Ring-Dip,4,concentric,MEDIUM,synergistic,Ring-Dip
Smith-Machine-Bench-Press,7,concentric,HIGH,primary,Smith-Machine-Bench-Press
Smith-Machine-Bench-Press,4,concentric,HIGH,primary,Smith-Machine-Bench-Press
Smith-Machine-Bench-Press,21,concentric,MEDIUM,synergistic,Smith-Machine-Bench-Press
Smith-Machine-Incline-Bench-Press,7,concentric,HIGH,primary,Smith-Machine-Incline-Bench-Press
Smith-Machine-Incline-Bench-Press,4,concentric,HIGH,primary,Smith-Machine-Incline-Bench-Press
Smith-Machine-Incline-Bench-Press,21,concentric,MEDIUM,synergistic,Smith-Machine-Incline-Bench-Press
Smith-Machine-Reverse-Grip-Bench-Press,7,concentric,HIGH,primary,Smith-Machine-Reverse-Grip-Bench-Press
Smith-Machine-Reverse-Grip-Bench-Press,4,concentric,HIGH,primary,Smith-Machine-Reverse-Grip-Bench-Press
Smith-Machine-Reverse-Grip-Bench-Press,21,concentric,MEDIUM,synergistic,Smith-Machine-Reverse-Grip-Bench-Press
Standing-Cable-Chest-Fly,7,concentric,HIGH,primary,Standing-Cable-Chest-Fly
Standing-Cable-Chest-Fly,4,isometric,LOW,stabilizing,Standing-Cable-Chest-Fly
Standing-Resistance-Band-Chest-Fly,7,concentric,HIGH,primary,Standing-Resistance-Band-Chest-Fly
Standing-Resistance-Band-Chest-Fly,4,isometric,LOW,stabilizing,Standing-Resistance-Band-Chest-Fly
Arnold-Press,4,concentric,HIGH,primary,Arnold-Press
Arnold-Press,12,concentric,MEDIUM,synergistic,Arnold-Press
Arnold-Press,21,concentric,MEDIUM,synergistic,Arnold-Press
Band-External-Shoulder-Rotation,18,concentric,MEDIUM,primary,Band-External-Shoulder-Rotation
Band-Internal-Shoulder-Rotation,18,concentric,MEDIUM,primary,Band-Internal-Shoulder-Rotation
Band-Pull-Apart,16,concentric,MEDIUM,primary,Band-Pull-Apart
Band-Pull-Apart,18,concentric,MEDIUM,primary,Band-Pull-Apart
Band-Pull-Apart,20,isometric,LOW,stabilizing,Band-Pull-Apart
Barbell-Front-Raise,4,concentric,HIGH,primary,Barbell-Front-Raise
Barbell-Front-Raise,12,isometric,LOW,stabilizing,Barbell-Front-Raise
Barbell-Rear-Delt-Row,16,concentric,HIGH,primary,Barbell-Rear-Delt-Row
Barbell-Rear-Delt-Row,20,concentric,HIGH,primary,Barbell-Rear-Delt-Row
Barbell-Rear-Delt-Row,18,isometric,LOW,stabilizing,Barbell-Rear-Delt-Row
Barbell-Rear-Delt-Row,5,concentric,MEDIUM,synergistic,Barbell-Rear-Delt-Row
Barbell-Rear-Delt-Row,9,concentric,MEDIUM,synergistic,Barbell-Rear-Delt-Row
Barbell-Upright-Row,12,concentric,HIGH,primary,Barbell-Upright-Row
Barbell-Upright-Row,4,concentric,MEDIUM,synergistic,Barbell-Upright-Row
Barbell-Upright-Row,20,concentric,MEDIUM,synergistic,Barbell-Upright-Row
Barbell-Upright-Row,5,concentric,MEDIUM,synergistic,Barbell-Upright-Row
Behind-the-Neck-Press,4,concentric,HIGH,primary,Behind-the-Neck-Press
Behind-the-Neck-Press,12,concentric,HIGH,primary,Behind-the-Neck-Press
Behind-the-Neck-Press,20,isometric,LOW,stabilizing,Behind-the-Neck-Press
Behind-the-Neck-Press,21,concentric,MEDIUM,synergistic,Behind-the-Neck-Press
Internal-Shoulder-Rotations,18,concentric,MEDIUM,primary,Internal-Shoulder-Rotations
Cable-Lateral-Raise,12,concentric,HIGH,primary,Cable-Lateral-Raise
Cable-Lateral-Raise,4,isometric,LOW,stabilizing,Cable-Lateral-Raise
Cable-Rear-Delt-Row,16,concentric,HIGH,primary,Cable-Rear-Delt-Row
Cable-Rear-Delt-Row,18,concentric,HIGH,primary,Cable-Rear-Delt-Row
Cable-Rear-Delt-Row,20,isometric,LOW,stabilizing,Cable-Rear-Delt-Row
Cable-Rear-Delt-Row,5,concentric,MEDIUM,synergistic,Cable-Rear-Delt-Row
Cuban-Press,4,concentric,HIGH,primary,Cuban-Press
Cuban-Press,12,concentric,MEDIUM,synergistic,Cuban-Press
Cuban-Press,16,concentric,MEDIUM,synergistic,Cuban-Press
Cuban-Press,20,isometric,LOW,stabilizing,Cuban-Press
Cuban-Press,21,concentric,MEDIUM,synergistic,Cuban-Press
Dumbbell-Front-Raise,4,concentric,HIGH,primary,Dumbbell-Front-Raise
Dumbbell-Front-Raise,12,isometric,LOW,stabilizing,Dumbbell-Front-Raise
Dumbbell-Horizontal-Internal-Shoulder-Rotation,18,concentric,MEDIUM,primary,Dumbbell-Horizontal-Internal-Shoulder-Rotation
Dumbbell-Horizontal-External-Shoulder-Rotation,18,concentric,MEDIUM,primary,Dumbbell-Horizontal-External-Shoulder-Rotation
Dumbbell-Lateral-Raise,12,concentric,HIGH,primary,Dumbbell-Lateral-Raise
Dumbbell-Lateral-Raise,4,isometric,LOW,stabilizing,Dumbbell-Lateral-Raise
Dumbbell-Rear-Delt-Row,16,concentric,HIGH,primary,Dumbbell-Rear-Delt-Row
Dumbbell-Rear-Delt-Row,20,concentric,HIGH,primary,Dumbbell-Rear-Delt-Row
Dumbbell-Rear-Delt-Row,18,isometric,LOW,stabilizing,Dumbbell-Rear-Delt-Row
Dumbbell-Rear-Delt-Row,5,concentric,MEDIUM,synergistic,Dumbbell-Rear-Delt-Row
Dumbbell-Rear-Delt-Row,9,concentric,MEDIUM,synergistic,Dumbbell-Rear-Delt-Row
Dumbbell-Shoulder-Press,4,concentric,HIGH,primary,Dumbbell-Shoulder-Press
Dumbbell-Shoulder-Press,21,concentric,MEDIUM,synergistic,Dumbbell-Shoulder-Press
Dumbbell-Shoulder-Press,12,isometric,LOW,stabilizing,Dumbbell-Shoulder-Press
Face-Pull,16,concentric,MEDIUM,primary,Face-Pull
Face-Pull,18,concentric,MEDIUM,primary,Face-Pull
Face-Pull,20,isometric,LOW,stabilizing,Face-Pull
Face-Pull,12,isometric,LOW,stabilizing,Face-Pull
Front-Hold,4,isometric,MEDIUM,primary,Front-Hold
Front-Hold,12,isometric,LOW,stabilizing,Front-Hold
Handstand-Push-Up,4,concentric,HIGH,primary,Handstand-Push-Up
Handstand-Push-Up,12,concentric,MEDIUM,synergistic,Handstand-Push-Up
Handstand-Push-Up,21,concentric,MEDIUM,synergistic,Handstand-Push-Up
Landmine-Press,4,concentric,HIGH,primary,Landmine-Press
Landmine-Press,21,concentric,MEDIUM,synergistic,Landmine-Press
Landmine-Press,7,concentric,MEDIUM,synergistic,Landmine-Press
Lying-Dumbbell-External-Shoulder-Rotation,18,concentric,MEDIUM,primary,Lying-Dumbbell-External-Shoulder-Rotation
Lying-Dumbbell-Internal-Shoulder-Rotation,18,concentric,MEDIUM,primary,Lying-Dumbbell-Internal-Shoulder-Rotation
Machine-Lateral-Raise,12,concentric,HIGH,primary,Machine-Lateral-Raise
Machine-Lateral-Raise,4,isometric,LOW,stabilizing,Machine-Lateral-Raise
Machine-Shoulder-Press,4,concentric,HIGH,primary,Machine-Shoulder-Press
Machine-Shoulder-Press,21,concentric,MEDIUM,synergistic,Machine-Shoulder-Press
Machine-Shoulder-Press,12,isometric,LOW,stabilizing,Machine-Shoulder-Press
Monkey-Row,12,concentric,HIGH,primary,Monkey-Row
Monkey-Row,16,concentric,MEDIUM,synergistic,Monkey-Row
Monkey-Row,20,concentric,MEDIUM,synergistic,Monkey-Row
Monkey-Row,5,concentric,MEDIUM,synergistic,Monkey-Row
One-Arm-Landmine-Press,4,concentric,HIGH,primary,One-Arm-Landmine-Press
One-Arm-Landmine-Press,21,concentric,MEDIUM,synergistic,One-Arm-Landmine-Press
One-Arm-Landmine-Press,7,concentric,MEDIUM,synergistic,One-Arm-Landmine-Press
Overhead-Press,4,concentric,HIGH,primary,Overhead-Press
Overhead-Press,21,concentric,MEDIUM,synergistic,Overhead-Press
Overhead-Press,12,isometric,LOW,stabilizing,Overhead-Press
Plate-Front-Raise,4,concentric,HIGH,primary,Plate-Front-Raise
Plate-Front-Raise,12,isometric,LOW,stabilizing,Plate-Front-Raise
Power-Jerk,4,special,HIGH,primary,Power-Jerk
Power-Jerk,17,special,MEDIUM,synergistic,Power-Jerk
Power-Jerk,10,special,MEDIUM,synergistic,Power-Jerk
Power-Jerk,3,special,MEDIUM,synergistic,Power-Jerk
Power-Jerk,14,special,MEDIUM,synergistic,Power-Jerk
Power-Jerk,20,special,MEDIUM,synergistic,Power-Jerk
Power-Jerk,21,special,MEDIUM,synergistic,Power-Jerk
Power-Jerk,12,special,MEDIUM,synergistic,Power-Jerk
Push-Press,4,concentric,HIGH,primary,Push-Press
Push-Press,17,concentric,MEDIUM,synergistic,Push-Press
Push-Press,10,concentric,MEDIUM,synergistic,Push-Press
Push-Press,3,concentric,MEDIUM,synergistic,Push-Press
Push-Press,14,concentric,MEDIUM,synergistic,Push-Press
Push-Press,20,concentric,MEDIUM,synergistic,Push-Press
Push-Press,21,concentric,MEDIUM,synergistic,Push-Press
Push-Press,12,concentric,MEDIUM,synergistic,Push-Press
Reverse-Cable-Fly,16,concentric,MEDIUM,primary,Reverse-Cable-Fly
Reverse-Cable-Fly,18,concentric,MEDIUM,primary,Reverse-Cable-Fly
Reverse-Cable-Fly,20,isometric,LOW,stabilizing,Reverse-Cable-Fly
Reverse-Dumbbell-Flyes,16,concentric,MEDIUM,primary,Reverse-Dumbbell-Flyes
Reverse-Dumbbell-Flyes,18,concentric,MEDIUM,primary,Reverse-Dumbbell-Flyes
Reverse-Dumbbell-Flyes,20,isometric,LOW,stabilizing,Reverse-Dumbbell-Flyes
Reverse-Machine-Fly,16,concentric,MEDIUM,primary,Reverse-Machine-Fly
Reverse-Machine-Fly,18,concentric,MEDIUM,primary,Reverse-Machine-Fly
Reverse-Machine-Fly,20,isometric,LOW,stabilizing,Reverse-Machine-Fly
Seated-Dumbbell-Shoulder-Press,4,concentric,HIGH,primary,Seated-Dumbbell-Shoulder-Press
Seated-Dumbbell-Shoulder-Press,21,concentric,MEDIUM,synergistic,Seated-Dumbbell-Shoulder-Press
Seated-Dumbbell-Shoulder-Press,12,isometric,LOW,stabilizing,Seated-Dumbbell-Shoulder-Press
Seated-Barbell-Overhead-Press,4,concentric,HIGH,primary,Seated-Barbell-Overhead-Press
Seated-Barbell-Overhead-Press,21,concentric,MEDIUM,synergistic,Seated-Barbell-Overhead-Press
Seated-Barbell-Overhead-Press,12,isometric,LOW,stabilizing,Seated-Barbell-Overhead-Press
Seated-Smith-Machine-Shoulder-Press,4,concentric,HIGH,primary,Seated-Smith-Machine-Shoulder-Press
Seated-Smith-Machine-Shoulder-Press,21,concentric,MEDIUM,synergistic,Seated-Smith-Machine-Shoulder-Press
Seated-Smith-Machine-Shoulder-Press,12,isometric,LOW,stabilizing,Seated-Smith-Machine-Shoulder-Press
Snatch-Grip-Behind-the-Neck-Press,4,concentric,HIGH,primary,Snatch-Grip-Behind-the-Neck-Press
Snatch-Grip-Behind-the-Neck-Press,12,concentric,HIGH,primary,Snatch-Grip-Behind-the-Neck-Press
Snatch-Grip-Behind-the-Neck-Press,20,isometric,LOW,stabilizing,Snatch-Grip-Behind-the-Neck-Press
Snatch-Grip-Behind-the-Neck-Press,21,concentric,MEDIUM,synergistic,Snatch-Grip-Behind-the-Neck-Press
Squat-Jerk,10,special,HIGH,primary,Squat-Jerk
Squat-Jerk,14,special,HIGH,primary,Squat-Jerk
Squat-Jerk,3,special,HIGH,primary,Squat-Jerk
Squat-Jerk,17,special,HIGH,primary,Squat-Jerk
Squat-Jerk,4,special,HIGH,primary,Squat-Jerk
Squat-Jerk,20,special,MEDIUM,synergistic,Squat-Jerk
Squat-Jerk,21,special,MEDIUM,synergistic,Squat-Jerk
Squat-Jerk,12,special,MEDIUM,synergistic,Squat-Jerk
Squat-Jerk,6,special,MEDIUM,synergistic,Squat-Jerk
Split-Jerk,4,special,HIGH,primary,Split-Jerk
Split-Jerk,17,special,MEDIUM,synergistic,Split-Jerk
Split-Jerk,10,special,MEDIUM,synergistic,Split-Jerk
Split-Jerk,3,special,MEDIUM,synergistic,Split-Jerk
Split-Jerk,14,special,MEDIUM,synergistic,Split-Jerk
Split-Jerk,20,special,MEDIUM,synergistic,Split-Jerk
Split-Jerk,21,special,MEDIUM,synergistic,Split-Jerk
Split-Jerk,12,special,MEDIUM,synergistic,Split-Jerk
Barbell-Curl,5,concentric,HIGH,primary,Barbell-Curl
Barbell-Curl,9,concentric,MEDIUM,synergistic,Barbell-Curl
Barbell-Preacher-Curl,5,concentric,HIGH,primary,Barbell-Preacher-Curl
Barbell-Preacher-Curl,9,concentric,MEDIUM,synergistic,Barbell-Preacher-Curl
Bayesian-Curl,5,concentric,HIGH,primary,Bayesian-Curl
Bayesian-Curl,9,concentric,MEDIUM,synergistic,Bayesian-Curl
Bodyweight-Curl,5,concentric,HIGH,primary,Bodyweight-Curl
Bodyweight-Curl,13,concentric,MEDIUM,synergistic,Bodyweight-Curl
Bodyweight-Curl,9,concentric,MEDIUM,synergistic,Bodyweight-Curl
Cable-Crossover-Bicep-Curl,5,concentric,HIGH,primary,Cable-Crossover-Bicep-Curl
Cable-Crossover-Bicep-Curl,9,concentric,MEDIUM,synergistic,Cable-Crossover-Bicep-Curl
Cable-Curl-with-Bar,5,concentric,HIGH,primary,Cable-Curl-with-Bar
Cable-Curl-with-Bar,9,concentric,MEDIUM,synergistic,Cable-Curl-with-Bar
Cable-Curl-with-Rope,5,concentric,HIGH,primary,Cable-Curl-with-Rope
Cable-Curl-with-Rope,9,concentric,MEDIUM,synergistic,Cable-Curl-with-Rope
Concentration-Curl,5,concentric,HIGH,primary,Concentration-Curl
Concentration-Curl,9,concentric,MEDIUM,synergistic,Concentration-Curl
Drag-Curl,5,concentric,HIGH,primary,Drag-Curl
Drag-Curl,9,concentric,MEDIUM,synergistic,Drag-Curl
Dumbbell-Curl,5,concentric,HIGH,primary,Dumbbell-Curl
Dumbbell-Curl,9,concentric,MEDIUM,synergistic,Dumbbell-Curl
Dumbbell-Preacher-Curl,5,concentric,HIGH,primary,Dumbbell-Preacher-Curl
Dumbbell-Preacher-Curl,9,concentric,MEDIUM,synergistic,Dumbbell-Preacher-Curl
Hammer-Curl,5,concentric,HIGH,primary,Hammer-Curl
Hammer-Curl,9,concentric,MEDIUM,synergistic,Hammer-Curl
Incline-Dumbbell-Curl,5,concentric,HIGH,primary,Incline-Dumbbell-Curl
Incline-Dumbbell-Curl,9,concentric,MEDIUM,synergistic,Incline-Dumbbell-Curl
Machine-Bicep-Curl,5,concentric,HIGH,primary,Machine-Bicep-Curl
Machine-Bicep-Curl,9,concentric,MEDIUM,synergistic,Machine-Bicep-Curl
Resistance-Band-Curl,5,concentric,HIGH,primary,Resistance-Band-Curl
Resistance-Band-Curl,9,concentric,MEDIUM,synergistic,Resistance-Band-Curl
Spider-Curl,5,concentric,HIGH,primary,Spider-Curl
Spider-Curl,9,concentric,MEDIUM,synergistic,Spider-Curl
Barbell-Standing-Triceps-Extension,21,concentric,HIGH,primary,Barbell-Standing-Triceps-Extension
Barbell-Incline-Triceps-Extension,21,concentric,HIGH,primary,Barbell-Incline-Triceps-Extension
Barbell-Lying-Triceps-Extension,21,concentric,HIGH,primary,Barbell-Lying-Triceps-Extension
Bench-Dip,21,concentric,HIGH,primary,Bench-Dip
Bench-Dip,7,concentric,MEDIUM,synergistic,Bench-Dip
Bench-Dip,4,concentric,MEDIUM,synergistic,Bench-Dip
Crossbody-Cable-Triceps-Extension,21,concentric,HIGH,primary,Crossbody-Cable-Triceps-Extension
Close-Grip-Push-Up,21,concentric,HIGH,primary,Close-Grip-Push-Up
Close-Grip-Push-Up,1,isometric,LOW,stabilizing,Close-Grip-Push-Up
Close-Grip-Push-Up,7,concentric,MEDIUM,synergistic,Close-Grip-Push-Up
Close-Grip-Push-Up,4,concentric,MEDIUM,synergistic,Close-Grip-Push-Up
Dumbbell-Lying-Triceps-Extension,21,concentric,HIGH,primary,Dumbbell-Lying-Triceps-Extension
Dumbbell-Standing-Triceps-Extension,21,concentric,HIGH,primary,Dumbbell-Standing-Triceps-Extension
Overhead-Cable-Triceps-Extension,21,concentric,HIGH,primary,Overhead-Cable-Triceps-Extension
Tate-Press,21,concentric,HIGH,primary,Tate-Press
Tate-Press,4,concentric,MEDIUM,synergistic,Tate-Press
Tate-Press,7,concentric,MEDIUM,synergistic,Tate-Press
Triceps-Bodyweight-Extension,21,concentric,HIGH,primary,Triceps-Bodyweight-Extension
Tricep-Pushdown-with-Bar,21,concentric,HIGH,primary,Tricep-Pushdown-with-Bar
Tricep-Pushdown-with-Rope,21,concentric,HIGH,primary,Tricep-Pushdown-with-Rope
Air-Squat,17,concentric,HIGH,primary,Air-Squat
Air-Squat,10,concentric,HIGH,primary,Air-Squat
Air-Squat,3,concentric,HIGH,primary,Air-Squat
Air-Squat,6,isometric,LOW,stabilizing,Air-Squat
Barbell-Hack-Squat,17,concentric,HIGH,primary,Barbell-Hack-Squat
Barbell-Hack-Squat,10,concentric,MEDIUM,synergistic,Barbell-Hack-Squat
Barbell-Hack-Squat,3,concentric,MEDIUM,synergistic,Barbell-Hack-Squat
Barbell-Hack-Squat,14,isometric,LOW,stabilizing,Barbell-Hack-Squat
Barbell-Hack-Squat,20,isometric,LOW,stabilizing,Barbell-Hack-Squat
Barbell-Hack-Squat,9,isometric,LOW,stabilizing,Barbell-Hack-Squat
Barbell-Hack-Squat,6,isometric,LOW,stabilizing,Barbell-Hack-Squat
Barbell-Lunge,17,concentric,HIGH,primary,Barbell-Lunge
Barbell-Lunge,10,concentric,HIGH,primary,Barbell-Lunge
Barbell-Lunge,3,concentric,HIGH,primary,Barbell-Lunge
Barbell-Walking-Lunges,17,concentric,HIGH,primary,Barbell-Walking-Lunges
Barbell-Walking-Lunges,10,concentric,HIGH,primary,Barbell-Walking-Lunges
Barbell-Walking-Lunges,3,concentric,HIGH,primary,Barbell-Walking-Lunges
Belt-Squats,17,concentric,HIGH,primary,Belt-Squats
Belt-Squats,10,concentric,HIGH,primary,Belt-Squats
Belt-Squats,3,concentric,HIGH,primary,Belt-Squats
Belt-Squats,6,isometric,LOW,stabilizing,Belt-Squats
Body-Weight-Lunge,17,concentric,HIGH,primary,Body-Weight-Lunge
Body-Weight-Lunge,10,concentric,HIGH,primary,Body-Weight-Lunge
Body-Weight-Lunge,3,concentric,HIGH,primary,Body-Weight-Lunge
Bodyweight-Leg-Curl,11,concentric,HIGH,primary,Bodyweight-Leg-Curl
Bodyweight-Leg-Curl,10,concentric,MEDIUM,synergistic,Bodyweight-Leg-Curl
Box-Jump,17,special,HIGH,primary,Box-Jump
Box-Jump,10,special,HIGH,primary,Box-Jump
Box-Jump,3,special,HIGH,primary,Box-Jump
Box-Jump,6,special,MEDIUM,synergistic,Box-Jump
Box-Squat,17,concentric,HIGH,primary,Box-Squat
Box-Squat,10,concentric,HIGH,primary,Box-Squat
Box-Squat,3,concentric,HIGH,primary,Box-Squat
Box-Squat,14,concentric,HIGH,primary,Box-Squat
Box-Squat,6,isometric,LOW,stabilizing,Box-Squat
Bulgarian-Split-Squat,17,concentric,HIGH,primary,Bulgarian-Split-Squat
Bulgarian-Split-Squat,10,concentric,HIGH,primary,Bulgarian-Split-Squat
Bulgarian-Split-Squat,3,concentric,HIGH,primary,Bulgarian-Split-Squat
Chair-Squats,17,concentric,HIGH,primary,Chair-Squats
Chair-Squats,10,concentric,HIGH,primary,Chair-Squats
Chair-Squats,3,concentric,HIGH,primary,Chair-Squats
Chair-Squats,6,isometric,LOW,stabilizing,Chair-Squats
Dumbbell-Lunge,17,concentric,HIGH,primary,Dumbbell-Lunge
Dumbbell-Lunge,10,concentric,HIGH,primary,Dumbbell-Lunge
Dumbbell-Lunge,3,concentric,HIGH,primary,Dumbbell-Lunge
Dumbbell-Lunge,9,isometric,LOW,stabilizing,Dumbbell-Lunge
Dumbbell-Squat,17,concentric,HIGH,primary,Dumbbell-Squat
Dumbbell-Squat,10,concentric,HIGH,primary,Dumbbell-Squat
Dumbbell-Squat,3,concentric,HIGH,primary,Dumbbell-Squat
Dumbbell-Squat,14,isometric,LOW,stabilizing,Dumbbell-Squat
Dumbbell-Squat,6,isometric,LOW,stabilizing,Dumbbell-Squat
Front-Squat,17,concentric,HIGH,primary,Front-Squat
Front-Squat,10,concentric,HIGH,primary,Front-Squat
Front-Squat,3,concentric,HIGH,primary,Front-Squat
Front-Squat,14,isometric,LOW,stabilizing,Front-Squat
Front-Squat,6,isometric,LOW,stabilizing,Front-Squat
Glute-Ham-Raise,11,concentric,HIGH,primary,Glute-Ham-Raise
Glute-Ham-Raise,10,concentric,MEDIUM,synergistic,Glute-Ham-Raise
Glute-Ham-Raise,14,concentric,MEDIUM,synergistic,Glute-Ham-Raise
Goblet-Squat,17,concentric,HIGH,primary,Goblet-Squat
Goblet-Squat,10,concentric,HIGH,primary,Goblet-Squat
Goblet-Squat,3,concentric,HIGH,primary,Goblet-Squat
Goblet-Squat,14,isometric,LOW,stabilizing,Goblet-Squat
Goblet-Squat,6,isometric,LOW,stabilizing,Goblet-Squat
Hack-Squat-Machine,17,concentric,HIGH,primary,Hack-Squat-Machine
Hack-Squat-Machine,10,concentric,HIGH,primary,Hack-Squat-Machine
Hack-Squat-Machine,3,concentric,HIGH,primary,Hack-Squat-Machine
Half-Body-Weight-Squats,17,concentric,HIGH,primary,Half-Body-Weight-Squats
Half-Body-Weight-Squats,10,concentric,HIGH,primary,Half-Body-Weight-Squats
Half-Body-Weight-Squats,3,concentric,HIGH,primary,Half-Body-Weight-Squats
Half-Body-Weight-Squats,6,isometric,LOW,stabilizing,Half-Body-Weight-Squats
Hip-Adduction-Machine,3,concentric,HIGH,primary,Hip-Adduction-Machine
Jumping-Lunges,17,special,HIGH,primary,Jumping-Lunges
Jumping-Lunges,10,special,HIGH,primary,Jumping-Lunges
Jumping-Lunges,3,special,HIGH,primary,Jumping-Lunges
Landmine-Hack-Squat,17,concentric,HIGH,primary,Landmine-Hack-Squat
Landmine-Hack-Squat,10,concentric,HIGH,primary,Landmine-Hack-Squat
Landmine-Hack-Squat,3,concentric,HIGH,primary,Landmine-Hack-Squat
Landmine-Squat,17,concentric,HIGH,primary,Landmine-Squat
Landmine-Squat,10,concentric,HIGH,primary,Landmine-Squat
Landmine-Squat,3,concentric,HIGH,primary,Landmine-Squat
Landmine-Squat,14,isometric,LOW,stabilizing,Landmine-Squat
Landmine-Squat,6,isometric,LOW,stabilizing,Landmine-Squat
Leg-Curl-on-Ball,11,concentric,HIGH,primary,Leg-Curl-on-Ball
Leg-Curl-on-Ball,10,concentric,MEDIUM,synergistic,Leg-Curl-on-Ball
Leg-Extension,17,concentric,HIGH,primary,Leg-Extension
Leg-Press,17,concentric,HIGH,primary,Leg-Press
Leg-Press,10,concentric,HIGH,primary,Leg-Press
Leg-Press,3,concentric,HIGH,primary,Leg-Press
Leg-Press,11,isometric,LOW,stabilizing,Leg-Press
Lying-Leg-Curl,11,concentric,HIGH,primary,Lying-Leg-Curl
Nordic-Hamstring-Eccentric,11,eccentric,HIGH,primary,Nordic-Hamstring-Eccentric
Pause-Squat,17,concentric,HIGH,primary,Pause-Squat
Pause-Squat,10,concentric,HIGH,primary,Pause-Squat
Pause-Squat,3,concentric,HIGH,primary,Pause-Squat
Pause-Squat,14,concentric,HIGH,primary,Pause-Squat
Pause-Squat,6,isometric,LOW,stabilizing,Pause-Squat
Pistol-Squat,17,concentric,HIGH,primary,Pistol-Squat
Pistol-Squat,10,concentric,HIGH,primary,Pistol-Squat
Pistol-Squat,11,isometric,LOW,stabilizing,Pistol-Squat
Reverse-Barbell-Lunge,3,concentric,HIGH,primary,Reverse-Barbell-Lunge
Reverse-Barbell-Lunge,17,concentric,HIGH,primary,Reverse-Barbell-Lunge
Reverse-Barbell-Lunge,10,concentric,HIGH,primary,Reverse-Barbell-Lunge
Reverse-Body-Weight-Lunges,17,concentric,HIGH,primary,Reverse-Body-Weight-Lunges
Reverse-Body-Weight-Lunges,10,concentric,HIGH,primary,Reverse-Body-Weight-Lunges
Reverse-Body-Weight-Lunges,3,concentric,HIGH,primary,Reverse-Body-Weight-Lunges
Reverse-Dumbbell-Lunge,17,concentric,HIGH,primary,Reverse-Dumbbell-Lunge
Reverse-Dumbbell-Lunge,10,concentric,HIGH,primary,Reverse-Dumbbell-Lunge
Reverse-Dumbbell-Lunge,3,concentric,HIGH,primary,Reverse-Dumbbell-Lunge
Reverse-Dumbbell-Lunge,9,isometric,LOW,stabilizing,Reverse-Dumbbell-Lunge
Romanian-Deadlift,10,concentric,HIGH,primary,Romanian-Deadlift
Romanian-Deadlift,14,concentric,HIGH,primary,Romanian-Deadlift
Romanian-Deadlift,11,concentric,HIGH,primary,Romanian-Deadlift
Romanian-Deadlift,3,concentric,MEDIUM,synergistic,Romanian-Deadlift
Romanian-Deadlift,20,isometric,LOW,stabilizing,Romanian-Deadlift
Romanian-Deadlift,9,isometric,LOW,stabilizing,Romanian-Deadlift
Safety-Bar-Squat,17,concentric,HIGH,primary,Safety-Bar-Squat
Safety-Bar-Squat,10,concentric,HIGH,primary,Safety-Bar-Squat
Safety-Bar-Squat,3,concentric,HIGH,primary,Safety-Bar-Squat
Safety-Bar-Squat,14,concentric,HIGH,primary,Safety-Bar-Squat
Safety-Bar-Squat,6,isometric,LOW,stabilizing,Safety-Bar-Squat
Seated-Leg-Curl,11,concentric,HIGH,primary,Seated-Leg-Curl
Shallow-Lunges-Bodyweight,17,concentric,HIGH,primary,Shallow-Lunges-Bodyweight
Shallow-Lunges-Bodyweight,10,concentric,HIGH,primary,Shallow-Lunges-Bodyweight
Shallow-Lunges-Bodyweight,3,concentric,HIGH,primary,Shallow-Lunges-Bodyweight
Shallow-Lunges-Bodyweight,11,isometric,LOW,stabilizing,Shallow-Lunges-Bodyweight
Side-Lunges-Bodyweight,17,concentric,HIGH,primary,Side-Lunges-Bodyweight
Side-Lunges-Bodyweight,10,concentric,HIGH,primary,Side-Lunges-Bodyweight
Side-Lunges-Bodyweight,3,concentric,MEDIUM,synergistic,Side-Lunges-Bodyweight
Smith-Machine-Bulgarian-Split-Squat,17,concentric,HIGH,primary,Smith-Machine-Bulgarian-Split-Squat
Smith-Machine-Bulgarian-Split-Squat,10,concentric,HIGH,primary,Smith-Machine-Bulgarian-Split-Squat
Smith-Machine-Bulgarian-Split-Squat,3,concentric,HIGH,primary,Smith-Machine-Bulgarian-Split-Squat
Smith-Machine-Front-Squat,17,concentric,HIGH,primary,Smith-Machine-Front-Squat
Smith-Machine-Front-Squat,10,concentric,HIGH,primary,Smith-Machine-Front-Squat
Smith-Machine-Front-Squat,3,concentric,HIGH,primary,Smith-Machine-Front-Squat
Smith-Machine-Front-Squat,14,concentric,HIGH,primary,Smith-Machine-Front-Squat
Smith-Machine-Front-Squat,6,isometric,LOW,stabilizing,Smith-Machine-Front-Squat
Smith-Machine-Squat,17,concentric,HIGH,primary,Smith-Machine-Squat
Smith-Machine-Squat,10,concentric,HIGH,primary,Smith-Machine-Squat
Smith-Machine-Squat,3,concentric,HIGH,primary,Smith-Machine-Squat
Smith-Machine-Squat,14,concentric,HIGH,primary,Smith-Machine-Squat
Smith-Machine-Squat,6,isometric,LOW,stabilizing,Smith-Machine-Squat
Squat,17,concentric,HIGH,primary,Squat
Squat,10,concentric,HIGH,primary,Squat
Squat,3,concentric,HIGH,primary,Squat
Squat,14,concentric,HIGH,primary,Squat
Squat,6,isometric,LOW,stabilizing,Squat
Step-Up,17,concentric,HIGH,primary,Step-Up
Step-Up,10,concentric,HIGH,primary,Step-Up
Step-Up,3,concentric,HIGH,primary,Step-Up
Step-Up,11,isometric,LOW,stabilizing,Step-Up
Zercher-Squat,17,concentric,HIGH,primary,Zercher-Squat
Zercher-Squat,10,concentric,HIGH,primary,Zercher-Squat
Zercher-Squat,3,concentric,HIGH,primary,Zercher-Squat
Zercher-Squat,14,concentric,HIGH,primary,Zercher-Squat
Zercher-Squat,6,isometric,LOW,stabilizing,Zercher-Squat
Zombie-Squat,17,concentric,HIGH,primary,Zombie-Squat
Zombie-Squat,10,concentric,HIGH,primary,Zombie-Squat
Zombie-Squat,3,concentric,HIGH,primary,Zombie-Squat
Zombie-Squat,14,concentric,HIGH,primary,Zombie-Squat
Zombie-Squat,6,isometric,LOW,stabilizing,Zombie-Squat
Assisted-Chin-Up,13,concentric,HIGH,primary,Assisted-Chin-Up
Assisted-Chin-Up,5,concentric,MEDIUM,synergistic,Assisted-Chin-Up
Assisted-Chin-Up,16,concentric,MEDIUM,synergistic,Assisted-Chin-Up
Assisted-Chin-Up,9,isometric,LOW,stabilizing,Assisted-Chin-Up
Assisted-Chin-Up,18,isometric,LOW,stabilizing,Assisted-Chin-Up
Assisted-Pull-Up,13,concentric,HIGH,primary,Assisted-Pull-Up
Assisted-Pull-Up,5,concentric,MEDIUM,synergistic,Assisted-Pull-Up
Assisted-Pull-Up,16,concentric,MEDIUM,synergistic,Assisted-Pull-Up
Assisted-Pull-Up,9,isometric,LOW,stabilizing,Assisted-Pull-Up
Assisted-Pull-Up,18,isometric,LOW,stabilizing,Assisted-Pull-Up
Back-Extension,10,concentric,HIGH,primary,Back-Extension
Back-Extension,14,concentric,HIGH,primary,Back-Extension
Back-Extension,11,concentric,MEDIUM,synergistic,Back-Extension
Banded-Muscle-Up,7,concentric,HIGH,primary,Banded-Muscle-Up
Banded-Muscle-Up,13,concentric,HIGH,primary,Banded-Muscle-Up
Banded-Muscle-Up,21,concentric,HIGH,primary,Banded-Muscle-Up
Banded-Muscle-Up,5,concentric,MEDIUM,synergistic,Banded-Muscle-Up
Banded-Muscle-Up,9,isometric,LOW,stabilizing,Banded-Muscle-Up
Banded-Muscle-Up,4,concentric,MEDIUM,synergistic,Banded-Muscle-Up
Banded-Muscle-Up,16,concentric,MEDIUM,synergistic,Banded-Muscle-Up
Banded-Muscle-Up,18,isometric,LOW,stabilizing,Banded-Muscle-Up
Barbell-Row,13,concentric,HIGH,primary,Barbell-Row
Barbell-Row,20,concentric,HIGH,primary,Barbell-Row
Barbell-Row,16,concentric,HIGH,primary,Barbell-Row
Barbell-Row,5,concentric,MEDIUM,synergistic,Barbell-Row
Barbell-Row,14,isometric,LOW,stabilizing,Barbell-Row
Barbell-Row,9,isometric,LOW,stabilizing,Barbell-Row
Barbell-Row,18,isometric,LOW,stabilizing,Barbell-Row
Barbell-Shrug,20,concentric,HIGH,primary,Barbell-Shrug
Barbell-Shrug,9,isometric,LOW,stabilizing,Barbell-Shrug
Block-Clean,10,special,HIGH,primary,Block-Clean
Block-Clean,14,special,HIGH,primary,Block-Clean
Block-Clean,3,special,HIGH,primary,Block-Clean
Block-Clean,17,special,HIGH,primary,Block-Clean
Block-Clean,11,special,MEDIUM,synergistic,Block-Clean
Block-Clean,20,special,MEDIUM,synergistic,Block-Clean
Block-Clean,9,isometric,LOW,stabilizing,Block-Clean
Block-Clean,6,isometric,LOW,stabilizing,Block-Clean
Block-Snatch,10,special,HIGH,primary,Block-Snatch
Block-Snatch,14,special,HIGH,primary,Block-Snatch
Block-Snatch,3,special,HIGH,primary,Block-Snatch
Block-Snatch,17,special,HIGH,primary,Block-Snatch
Block-Snatch,11,special,MEDIUM,synergistic,Block-Snatch
Block-Snatch,20,special,MEDIUM,synergistic,Block-Snatch
Block-Snatch,6,isometric,LOW,stabilizing,Block-Snatch
Block-Snatch,9,isometric,LOW,stabilizing,Block-Snatch
Cable-Close-Grip-Seated-Row,13,concentric,HIGH,primary,Cable-Close-Grip-Seated-Row
Cable-Close-Grip-Seated-Row,20,concentric,HIGH,primary,Cable-Close-Grip-Seated-Row
Cable-Close-Grip-Seated-Row,16,concentric,HIGH,primary,Cable-Close-Grip-Seated-Row
Cable-Close-Grip-Seated-Row,5,concentric,MEDIUM,synergistic,Cable-Close-Grip-Seated-Row
Cable-Close-Grip-Seated-Row,9,isometric,LOW,stabilizing,Cable-Close-Grip-Seated-Row
Cable-Close-Grip-Seated-Row,18,isometric,LOW,stabilizing,Cable-Close-Grip-Seated-Row
Cable-Wide-Grip-Seated-Row,13,concentric,HIGH,primary,Cable-Wide-Grip-Seated-Row
Cable-Wide-Grip-Seated-Row,20,concentric,HIGH,primary,Cable-Wide-Grip-Seated-Row
Cable-Wide-Grip-Seated-Row,16,concentric,HIGH,primary,Cable-Wide-Grip-Seated-Row
Cable-Wide-Grip-Seated-Row,5,concentric,MEDIUM,synergistic,Cable-Wide-Grip-Seated-Row
Cable-Wide-Grip-Seated-Row,9,isometric,LOW,stabilizing,Cable-Wide-Grip-Seated-Row
Cable-Wide-Grip-Seated-Row,18,isometric,LOW,stabilizing,Cable-Wide-Grip-Seated-Row
Chest-to-Bar,13,concentric,HIGH,primary,Chest-to-Bar
Chest-to-Bar,16,concentric,MEDIUM,synergistic,Chest-to-Bar
Chest-to-Bar,5,concentric,MEDIUM,synergistic,Chest-to-Bar
Chest-to-Bar,18,isometric,LOW,stabilizing,Chest-to-Bar
Chest-to-Bar,9,isometric,LOW,stabilizing,Chest-to-Bar
Chin-Up,13,concentric,HIGH,primary,Chin-Up
Chin-Up,5,concentric,MEDIUM,synergistic,Chin-Up
Chin-Up,16,concentric,MEDIUM,synergistic,Chin-Up
Chin-Up,9,isometric,LOW,stabilizing,Chin-Up
Chin-Up,18,isometric,LOW,stabilizing,Chin-Up
Clean,10,special,HIGH,primary,Clean
Clean,14,special,HIGH,primary,Clean
Clean,3,special,HIGH,primary,Clean
Clean,17,special,HIGH,primary,Clean
Clean,11,special,MEDIUM,synergistic,Clean
Clean,20,special,MEDIUM,synergistic,Clean
Clean,9,isometric,LOW,stabilizing,Clean
Clean,6,isometric,LOW,stabilizing,Clean
Clean-and-Jerk,10,special,HIGH,primary,Clean-and-Jerk
Clean-and-Jerk,14,special,HIGH,primary,Clean-and-Jerk
Clean-and-Jerk,3,special,HIGH,primary,Clean-and-Jerk
Clean-and-Jerk,17,special,HIGH,primary,Clean-and-Jerk
Clean-and-Jerk,4,special,HIGH,primary,Clean-and-Jerk
Clean-and-Jerk,11,special,MEDIUM,synergistic,Clean-and-Jerk
Clean-and-Jerk,20,special,MEDIUM,synergistic,Clean-and-Jerk
Clean-and-Jerk,9,isometric,LOW,stabilizing,Clean-and-Jerk
Clean-and-Jerk,21,concentric,MEDIUM,synergistic,Clean-and-Jerk
Clean-and-Jerk,12,concentric,MEDIUM,synergistic,Clean-and-Jerk
Clean-and-Jerk,6,isometric,LOW,stabilizing,Clean-and-Jerk
Deadlift,10,concentric,HIGH,primary,Deadlift
Deadlift,14,concentric,HIGH,primary,Deadlift
Deadlift,17,concentric,MEDIUM,synergistic,Deadlift
Deadlift,11,concentric,MEDIUM,synergistic,Deadlift
Deadlift,3,concentric,MEDIUM,synergistic,Deadlift
Deadlift,20,isometric,LOW,stabilizing,Deadlift
Deadlift,9,isometric,LOW,stabilizing,Deadlift
Deficit-Deadlift,10,concentric,HIGH,primary,Deficit-Deadlift
Deficit-Deadlift,14,concentric,HIGH,primary,Deficit-Deadlift
Deficit-Deadlift,17,concentric,MEDIUM,synergistic,Deficit-Deadlift
Deficit-Deadlift,11,concentric,MEDIUM,synergistic,Deficit-Deadlift
Deficit-Deadlift,3,concentric,MEDIUM,synergistic,Deficit-Deadlift
Deficit-Deadlift,20,isometric,LOW,stabilizing,Deficit-Deadlift
Deficit-Deadlift,9,isometric,LOW,stabilizing,Deficit-Deadlift
Dumbbell-Deadlift,10,concentric,HIGH,primary,Dumbbell-Deadlift
Dumbbell-Deadlift,14,concentric,HIGH,primary,Dumbbell-Deadlift
Dumbbell-Deadlift,17,concentric,MEDIUM,synergistic,Dumbbell-Deadlift
Dumbbell-Deadlift,11,concentric,MEDIUM,synergistic,Dumbbell-Deadlift
Dumbbell-Deadlift,3,concentric,MEDIUM,synergistic,Dumbbell-Deadlift
Dumbbell-Deadlift,20,isometric,LOW,stabilizing,Dumbbell-Deadlift
Dumbbell-Deadlift,9,isometric,LOW,stabilizing,Dumbbell-Deadlift
Dumbbell-Row,13,concentric,HIGH,primary,Dumbbell-Row
Dumbbell-Row,20,concentric,HIGH,primary,Dumbbell-Row
Dumbbell-Row,16,concentric,HIGH,primary,Dumbbell-Row
Dumbbell-Row,5,concentric,MEDIUM,synergistic,Dumbbell-Row
Dumbbell-Row,9,isometric,LOW,stabilizing,Dumbbell-Row
Dumbbell-Row,18,isometric,LOW,stabilizing,Dumbbell-Row
Dumbbell-Shrug,20,concentric,HIGH,primary,Dumbbell-Shrug
Dumbbell-Shrug,9,isometric,LOW,stabilizing,Dumbbell-Shrug
Floor-Back-Extension,14,concentric,HIGH,primary,Floor-Back-Extension
Good-Morning,10,concentric,HIGH,primary,Good-Morning
Good-Morning,14,concentric,HIGH,primary,Good-Morning
Good-Morning,11,concentric,HIGH,primary,Good-Morning
Good-Morning,3,isometric,LOW,stabilizing,Good-Morning
Gorilla-Row,13,concentric,HIGH,primary,Gorilla-Row
Gorilla-Row,20,concentric,HIGH,primary,Gorilla-Row
Gorilla-Row,18,concentric,HIGH,primary,Gorilla-Row
Gorilla-Row,5,concentric,MEDIUM,synergistic,Gorilla-Row
Gorilla-Row,9,isometric,LOW,stabilizing,Gorilla-Row
Gorilla-Row,16,concentric,MEDIUM,synergistic,Gorilla-Row
Hang-Clean,10,special,HIGH,primary,Hang-Clean
Hang-Clean,14,special,HIGH,primary,Hang-Clean
Hang-Clean,3,special,HIGH,primary,Hang-Clean
Hang-Clean,17,special,HIGH,primary,Hang-Clean
Hang-Clean,11,special,MEDIUM,synergistic,Hang-Clean
Hang-Clean,20,special,MEDIUM,synergistic,Hang-Clean
Hang-Clean,9,isometric,LOW,stabilizing,Hang-Clean
Hang-Clean,6,isometric,LOW,stabilizing,Hang-Clean
Hang-Power-Clean,10,special,HIGH,primary,Hang-Power-Clean
Hang-Power-Clean,14,special,HIGH,primary,Hang-Power-Clean
Hang-Power-Clean,3,concentric,MEDIUM,synergistic,Hang-Power-Clean
Hang-Power-Clean,11,concentric,MEDIUM,synergistic,Hang-Power-Clean
Hang-Power-Clean,20,isometric,LOW,stabilizing,Hang-Power-Clean
Hang-Power-Clean,9,isometric,LOW,stabilizing,Hang-Power-Clean
Hang-Power-Snatch,10,special,HIGH,primary,Hang-Power-Snatch
Hang-Power-Snatch,14,special,HIGH,primary,Hang-Power-Snatch
Hang-Power-Snatch,3,concentric,MEDIUM,synergistic,Hang-Power-Snatch
Hang-Power-Snatch,11,concentric,MEDIUM,synergistic,Hang-Power-Snatch
Hang-Power-Snatch,20,isometric,LOW,stabilizing,Hang-Power-Snatch
Hang-Power-Snatch,9,isometric,LOW,stabilizing,Hang-Power-Snatch
Hang-Snatch,10,special,HIGH,primary,Hang-Snatch
Hang-Snatch,14,special,HIGH,primary,Hang-Snatch
Hang-Snatch,3,special,HIGH,primary,Hang-Snatch
Hang-Snatch,17,special,HIGH,primary,Hang-Snatch
Hang-Snatch,11,special,MEDIUM,synergistic,Hang-Snatch
Hang-Snatch,20,special,MEDIUM,synergistic,Hang-Snatch
Hang-Snatch,9,isometric,LOW,stabilizing,Hang-Snatch
Hang-Snatch,6,isometric,LOW,stabilizing,Hang-Snatch
Inverted-Row,13,concentric,HIGH,primary,Inverted-Row
Inverted-Row,20,concentric,HIGH,primary,Inverted-Row
Inverted-Row,16,concentric,HIGH,primary,Inverted-Row
Inverted-Row,5,concentric,MEDIUM,synergistic,Inverted-Row
Inverted-Row,9,isometric,LOW,stabilizing,Inverted-Row
Inverted-Row,18,isometric,LOW,stabilizing,Inverted-Row
Inverted-Row-with-Underhand-Grip,13,concentric,HIGH,primary,Inverted-Row-with-Underhand-Grip
Inverted-Row-with-Underhand-Grip,20,concentric,HIGH,primary,Inverted-Row-with-Underhand-Grip
Inverted-Row-with-Underhand-Grip,16,concentric,HIGH,primary,Inverted-Row-with-Underhand-Grip
Inverted-Row-with-Underhand-Grip,5,concentric,MEDIUM,synergistic,Inverted-Row-with-Underhand-Grip
Inverted-Row-with-Underhand-Grip,9,isometric,LOW,stabilizing,Inverted-Row-with-Underhand-Grip
Inverted-Row-with-Underhand-Grip,18,isometric,LOW,stabilizing,Inverted-Row-with-Underhand-Grip
Jefferson-Curl,14,concentric,HIGH,primary,Jefferson-Curl
Jefferson-Curl,3,concentric,MEDIUM,synergistic,Jefferson-Curl
Jefferson-Curl,10,concentric,MEDIUM,synergistic,Jefferson-Curl
Jefferson-Curl,11,concentric,MEDIUM,synergistic,Jefferson-Curl
Jefferson-Curl,20,isometric,LOW,stabilizing,Jefferson-Curl
Jumping-Muscle-Up,7,special,HIGH,primary,Jumping-Muscle-Up
Jumping-Muscle-Up,13,special,HIGH,primary,Jumping-Muscle-Up
Jumping-Muscle-Up,21,special,HIGH,primary,Jumping-Muscle-Up
Jumping-Muscle-Up,5,special,MEDIUM,synergistic,Jumping-Muscle-Up
Jumping-Muscle-Up,9,isometric,LOW,stabilizing,Jumping-Muscle-Up
Jumping-Muscle-Up,4,special,MEDIUM,synergistic,Jumping-Muscle-Up
Jumping-Muscle-Up,16,special,MEDIUM,synergistic,Jumping-Muscle-Up
Jumping-Muscle-Up,18,isometric,LOW,stabilizing,Jumping-Muscle-Up
Kettlebell-Clean,10,special,HIGH,primary,Kettlebell-Clean
Kettlebell-Clean,14,special,HIGH,primary,Kettlebell-Clean
Kettlebell-Clean,11,special,MEDIUM,synergistic,Kettlebell-Clean
Kettlebell-Clean,20,special,MEDIUM,synergistic,Kettlebell-Clean
Kettlebell-Clean,9,isometric,LOW,stabilizing,Kettlebell-Clean
Kettlebell-Clean,3,concentric,MEDIUM,synergistic,Kettlebell-Clean
Kettlebell-Clean,15,isometric,LOW,stabilizing,Kettlebell-Clean
Kettlebell-Clean-and-Jerk,10,special,HIGH,primary,Kettlebell-Clean-and-Jerk
Kettlebell-Clean-and-Jerk,14,special,HIGH,primary,Kettlebell-Clean-and-Jerk
Kettlebell-Clean-and-Jerk,4,special,HIGH,primary,Kettlebell-Clean-and-Jerk
Kettlebell-Clean-and-Jerk,11,special,MEDIUM,synergistic,Kettlebell-Clean-and-Jerk
Kettlebell-Clean-and-Jerk,3,concentric,MEDIUM,synergistic,Kettlebell-Clean-and-Jerk
Kettlebell-Clean-and-Jerk,20,special,MEDIUM,synergistic,Kettlebell-Clean-and-Jerk
Kettlebell-Clean-and-Jerk,9,isometric,LOW,stabilizing,Kettlebell-Clean-and-Jerk
Kettlebell-Clean-and-Jerk,21,concentric,MEDIUM,synergistic,Kettlebell-Clean-and-Jerk
Kettlebell-Clean-and-Jerk,12,concentric,MEDIUM,synergistic,Kettlebell-Clean-and-Jerk
Kettlebell-Clean-and-Press,10,special,HIGH,primary,Kettlebell-Clean-and-Press
Kettlebell-Clean-and-Press,14,special,HIGH,primary,Kettlebell-Clean-and-Press
Kettlebell-Clean-and-Press,4,special,HIGH,primary,Kettlebell-Clean-and-Press
Kettlebell-Clean-and-Press,11,special,MEDIUM,synergistic,Kettlebell-Clean-and-Press
Kettlebell-Clean-and-Press,20,special,MEDIUM,synergistic,Kettlebell-Clean-and-Press
Kettlebell-Clean-and-Press,9,isometric,LOW,stabilizing,Kettlebell-Clean-and-Press
Kettlebell-Clean-and-Press,21,concentric,MEDIUM,synergistic,Kettlebell-Clean-and-Press
Kettlebell-Clean-and-Press,12,concentric,MEDIUM,synergistic,Kettlebell-Clean-and-Press
Kettlebell-Clean-and-Press,3,concentric,MEDIUM,synergistic,Kettlebell-Clean-and-Press
Kettlebell-Clean-and-Press,15,isometric,LOW,stabilizing,Kettlebell-Clean-and-Press
Kettlebell-Swing,10,concentric,HIGH,primary,Kettlebell-Swing
Kettlebell-Swing,14,concentric,HIGH,primary,Kettlebell-Swing
Kettlebell-Swing,11,concentric,MEDIUM,synergistic,Kettlebell-Swing
Kettlebell-Swing,3,concentric,MEDIUM,synergistic,Kettlebell-Swing
Kettlebell-Swing,20,isometric,LOW,stabilizing,Kettlebell-Swing
Kettlebell-Swing,9,isometric,LOW,stabilizing,Kettlebell-Swing
Kroc-Row,13,concentric,HIGH,primary,Kroc-Row
Kroc-Row,20,concentric,HIGH,primary,Kroc-Row
Kroc-Row,16,concentric,HIGH,primary,Kroc-Row
Kroc-Row,5,concentric,MEDIUM,synergistic,Kroc-Row
Kroc-Row,14,isometric,LOW,stabilizing,Kroc-Row
Kroc-Row,9,isometric,LOW,stabilizing,Kroc-Row
Kroc-Row,18,isometric,LOW,stabilizing,Kroc-Row
Lat-Pulldown-with-Pronated-Grip,13,concentric,HIGH,primary,Lat-Pulldown-with-Pronated-Grip
Lat-Pulldown-with-Pronated-Grip,5,concentric,MEDIUM,synergistic,Lat-Pulldown-with-Pronated-Grip
Lat-Pulldown-with-Pronated-Grip,16,concentric,MEDIUM,synergistic,Lat-Pulldown-with-Pronated-Grip
Lat-Pulldown-with-Pronated-Grip,9,isometric,LOW,stabilizing,Lat-Pulldown-with-Pronated-Grip
Lat-Pulldown-with-Pronated-Grip,18,isometric,LOW,stabilizing,Lat-Pulldown-with-Pronated-Grip
Lat-Pulldown-with-Supinated-Grip,13,concentric,HIGH,primary,Lat-Pulldown-with-Supinated-Grip
Lat-Pulldown-with-Supinated-Grip,5,concentric,MEDIUM,synergistic,Lat-Pulldown-with-Supinated-Grip
Lat-Pulldown-with-Supinated-Grip,16,concentric,MEDIUM,synergistic,Lat-Pulldown-with-Supinated-Grip
Lat-Pulldown-with-Supinated-Grip,9,isometric,LOW,stabilizing,Lat-Pulldown-with-Supinated-Grip
Lat-Pulldown-with-Supinated-Grip,18,isometric,LOW,stabilizing,Lat-Pulldown-with-Supinated-Grip
Bar-Muscle-Up,7,special,HIGH,primary,Bar-Muscle-Up
Bar-Muscle-Up,13,special,HIGH,primary,Bar-Muscle-Up
Bar-Muscle-Up,21,special,HIGH,primary,Bar-Muscle-Up
Bar-Muscle-Up,5,special,MEDIUM,synergistic,Bar-Muscle-Up
Bar-Muscle-Up,9,isometric,LOW,stabilizing,Bar-Muscle-Up
Bar-Muscle-Up,4,special,MEDIUM,synergistic,Bar-Muscle-Up
Bar-Muscle-Up,16,special,MEDIUM,synergistic,Bar-Muscle-Up
Bar-Muscle-Up,18,isometric,LOW,stabilizing,Bar-Muscle-Up
Ring-Muscle-Up,7,special,HIGH,primary,Ring-Muscle-Up
Ring-Muscle-Up,13,special,HIGH,primary,Ring-Muscle-Up
Ring-Muscle-Up,21,special,HIGH,primary,Ring-Muscle-Up
Ring-Muscle-Up,5,special,MEDIUM,synergistic,Ring-Muscle-Up
Ring-Muscle-Up,9,isometric,LOW,stabilizing,Ring-Muscle-Up
Ring-Muscle-Up,4,special,MEDIUM,synergistic,Ring-Muscle-Up
Ring-Muscle-Up,16,special,MEDIUM,synergistic,Ring-Muscle-Up
Ring-Muscle-Up,18,isometric,LOW,stabilizing,Ring-Muscle-Up
One-Handed-Cable-Row,13,concentric,HIGH,primary,One-Handed-Cable-Row
One-Handed-Cable-Row,20,concentric,HIGH,primary,One-Handed-Cable-Row
One-Handed-Cable-Row,16,concentric,HIGH,primary,One-Handed-Cable-Row
One-Handed-Cable-Row,5,concentric,MEDIUM,synergistic,One-Handed-Cable-Row
One-Handed-Cable-Row,9,isometric,LOW,stabilizing,One-Handed-Cable-Row
One-Handed-Cable-Row,18,isometric,LOW,stabilizing,One-Handed-Cable-Row
One-Handed-Kettlebell-Swing,10,concentric,HIGH,primary,One-Handed-Kettlebell-Swing
One-Handed-Kettlebell-Swing,14,concentric,HIGH,primary,One-Handed-Kettlebell-Swing
One-Handed-Kettlebell-Swing,11,concentric,MEDIUM,synergistic,One-Handed-Kettlebell-Swing
One-Handed-Kettlebell-Swing,3,concentric,MEDIUM,synergistic,One-Handed-Kettlebell-Swing
One-Handed-Kettlebell-Swing,20,isometric,LOW,stabilizing,One-Handed-Kettlebell-Swing
One-Handed-Kettlebell-Swing,9,isometric,LOW,stabilizing,One-Handed-Kettlebell-Swing
One-Handed-Kettlebell-Swing,15,isometric,LOW,stabilizing,One-Handed-Kettlebell-Swing
One-Handed-Lat-Pulldown,13,concentric,HIGH,primary,One-Handed-Lat-Pulldown
One-Handed-Lat-Pulldown,5,concentric,MEDIUM,synergistic,One-Handed-Lat-Pulldown
One-Handed-Lat-Pulldown,16,concentric,MEDIUM,synergistic,One-Handed-Lat-Pulldown
One-Handed-Lat-Pulldown,9,isometric,LOW,stabilizing,One-Handed-Lat-Pulldown
One-Handed-Lat-Pulldown,18,isometric,LOW,stabilizing,One-Handed-Lat-Pulldown
Pause-Deadlift,10,concentric,HIGH,primary,Pause-Deadlift
Pause-Deadlift,14,concentric,HIGH,primary,Pause-Deadlift
Pause-Deadlift,17,concentric,MEDIUM,synergistic,Pause-Deadlift
Pause-Deadlift,11,concentric,MEDIUM,synergistic,Pause-Deadlift
Pause-Deadlift,3,concentric,MEDIUM,synergistic,Pause-Deadlift
Pause-Deadlift,20,isometric,LOW,stabilizing,Pause-Deadlift
Pause-Deadlift,9,isometric,LOW,stabilizing,Pause-Deadlift
Pendlay-Row,13,concentric,HIGH,primary,Pendlay-Row
Pendlay-Row,20,concentric,HIGH,primary,Pendlay-Row
Pendlay-Row,16,concentric,HIGH,primary,Pendlay-Row
Pendlay-Row,5,concentric,MEDIUM,synergistic,Pendlay-Row
Pendlay-Row,14,isometric,LOW,stabilizing,Pendlay-Row
Pendlay-Row,9,isometric,LOW,stabilizing,Pendlay-Row
Pendlay-Row,18,isometric,LOW,stabilizing,Pendlay-Row
Power-Clean,10,special,HIGH,primary,Power-Clean
Power-Clean,14,special,HIGH,primary,Power-Clean
Power-Clean,17,concentric,MEDIUM,synergistic,Power-Clean
Power-Clean,3,concentric,MEDIUM,synergistic,Power-Clean
Power-Clean,11,concentric,MEDIUM,synergistic,Power-Clean
Power-Clean,20,special,MEDIUM,synergistic,Power-Clean
Power-Clean,9,isometric,LOW,stabilizing,Power-Clean
Power-Snatch,10,special,HIGH,primary,Power-Snatch
Power-Snatch,14,special,HIGH,primary,Power-Snatch
Power-Snatch,17,concentric,MEDIUM,synergistic,Power-Snatch
Power-Snatch,3,concentric,MEDIUM,synergistic,Power-Snatch
Power-Snatch,11,concentric,MEDIUM,synergistic,Power-Snatch
Power-Snatch,20,special,MEDIUM,synergistic,Power-Snatch
Power-Snatch,9,isometric,LOW,stabilizing,Power-Snatch
Pull-Up,13,concentric,HIGH,primary,Pull-Up
Pull-Up,5,concentric,MEDIUM,synergistic,Pull-Up
Pull-Up,16,concentric,MEDIUM,synergistic,Pull-Up
Pull-Up,9,isometric,LOW,stabilizing,Pull-Up
Pull-Up,18,isometric,LOW,stabilizing,Pull-Up
Pull-Ups-with-a-Neutral-Grip,13,concentric,HIGH,primary,Pull-Ups-with-a-Neutral-Grip
Pull-Ups-with-a-Neutral-Grip,5,concentric,MEDIUM,synergistic,Pull-Ups-with-a-Neutral-Grip
Pull-Ups-with-a-Neutral-Grip,16,concentric,MEDIUM,synergistic,Pull-Ups-with-a-Neutral-Grip
Pull-Ups-with-a-Neutral-Grip,9,isometric,LOW,stabilizing,Pull-Ups-with-a-Neutral-Grip
Pull-Ups-with-a-Neutral-Grip,18,isometric,LOW,stabilizing,Pull-Ups-with-a-Neutral-Grip
Rack-Pull,10,concentric,HIGH,primary,Rack-Pull
Rack-Pull,14,concentric,HIGH,primary,Rack-Pull
Rack-Pull,11,concentric,MEDIUM,synergistic,Rack-Pull
Rack-Pull,3,concentric,MEDIUM,synergistic,Rack-Pull
Rack-Pull,20,isometric,LOW,stabilizing,Rack-Pull
Rack-Pull,9,isometric,LOW,stabilizing,Rack-Pull
Ring-Pull-Up,13,concentric,HIGH,primary,Ring-Pull-Up
Ring-Pull-Up,5,concentric,MEDIUM,synergistic,Ring-Pull-Up
Ring-Pull-Up,16,concentric,MEDIUM,synergistic,Ring-Pull-Up
Ring-Pull-Up,9,isometric,LOW,stabilizing,Ring-Pull-Up
Ring-Pull-Up,18,isometric,LOW,stabilizing,Ring-Pull-Up
Ring-Row,13,concentric,HIGH,primary,Ring-Row
Ring-Row,20,concentric,HIGH,primary,Ring-Row
Ring-Row,16,concentric,HIGH,primary,Ring-Row
Ring-Row,5,concentric,MEDIUM,synergistic,Ring-Row
Ring-Row,9,isometric,LOW,stabilizing,Ring-Row
Ring-Row,18,isometric,LOW,stabilizing,Ring-Row
Scap-Pull-Up,18,isometric,MEDIUM,primary,Scap-Pull-Up
Scap-Pull-Up,9,isometric,MEDIUM,primary,Scap-Pull-Up
Seal-Row,13,concentric,HIGH,primary,Seal-Row
Seal-Row,20,concentric,HIGH,primary,Seal-Row
Seal-Row,16,concentric,HIGH,primary,Seal-Row
Seal-Row,5,concentric,MEDIUM,synergistic,Seal-Row
Seal-Row,9,isometric,LOW,stabilizing,Seal-Row
Seal-Row,18,isometric,LOW,stabilizing,Seal-Row
Seated-Machine-Row,13,concentric,HIGH,primary,Seated-Machine-Row
Seated-Machine-Row,20,concentric,HIGH,primary,Seated-Machine-Row
Seated-Machine-Row,16,concentric,HIGH,primary,Seated-Machine-Row
Seated-Machine-Row,5,concentric,MEDIUM,synergistic,Seated-Machine-Row
Seated-Machine-Row,9,isometric,LOW,stabilizing,Seated-Machine-Row
Seated-Machine-Row,18,isometric,LOW,stabilizing,Seated-Machine-Row
Single-Leg-Deadlift-with-Kettlebell,10,concentric,HIGH,primary,Single-Leg-Deadlift-with-Kettlebell
Single-Leg-Deadlift-with-Kettlebell,11,concentric,HIGH,primary,Single-Leg-Deadlift-with-Kettlebell
Single-Leg-Deadlift-with-Kettlebell,14,concentric,HIGH,primary,Single-Leg-Deadlift-with-Kettlebell
Single-Leg-Deadlift-with-Kettlebell,2,isometric,LOW,stabilizing,Single-Leg-Deadlift-with-Kettlebell
Single-Leg-Deadlift-with-Kettlebell,3,isometric,LOW,stabilizing,Single-Leg-Deadlift-with-Kettlebell
Single-Leg-Deadlift-with-Kettlebell,9,isometric,LOW,stabilizing,Single-Leg-Deadlift-with-Kettlebell
Single-Leg-Deadlift-with-Kettlebell,20,isometric,LOW,stabilizing,Single-Leg-Deadlift-with-Kettlebell
Smith-Machine-One-Handed-Row,13,concentric,HIGH,primary,Smith-Machine-One-Handed-Row
Smith-Machine-One-Handed-Row,20,concentric,HIGH,primary,Smith-Machine-One-Handed-Row
Smith-Machine-One-Handed-Row,16,concentric,HIGH,primary,Smith-Machine-One-Handed-Row
Smith-Machine-One-Handed-Row,5,concentric,MEDIUM,synergistic,Smith-Machine-One-Handed-Row
Smith-Machine-One-Handed-Row,9,isometric,LOW,stabilizing,Smith-Machine-One-Handed-Row
Smith-Machine-One-Handed-Row,18,isometric,LOW,stabilizing,Smith-Machine-One-Handed-Row
Snatch,10,special,HIGH,primary,Snatch
Snatch,14,special,HIGH,primary,Snatch
Snatch,3,special,HIGH,primary,Snatch
Snatch,17,special,HIGH,primary,Snatch
Snatch,11,special,MEDIUM,synergistic,Snatch
Snatch,20,special,MEDIUM,synergistic,Snatch
Snatch,9,isometric,LOW,stabilizing,Snatch
Snatch,6,isometric,LOW,stabilizing,Snatch
Snatch-Grip-Deadlift,10,concentric,HIGH,primary,Snatch-Grip-Deadlift
Snatch-Grip-Deadlift,14,concentric,HIGH,primary,Snatch-Grip-Deadlift
Snatch-Grip-Deadlift,17,concentric,MEDIUM,synergistic,Snatch-Grip-Deadlift
Snatch-Grip-Deadlift,11,concentric,MEDIUM,synergistic,Snatch-Grip-Deadlift
Snatch-Grip-Deadlift,3,concentric,MEDIUM,synergistic,Snatch-Grip-Deadlift
Snatch-Grip-Deadlift,20,isometric,LOW,stabilizing,Snatch-Grip-Deadlift
Snatch-Grip-Deadlift,9,isometric,LOW,stabilizing,Snatch-Grip-Deadlift
Stiff-Legged-Deadlift,10,concentric,HIGH,primary,Stiff-Legged-Deadlift
Stiff-Legged-Deadlift,14,concentric,HIGH,primary,Stiff-Legged-Deadlift
Stiff-Legged-Deadlift,11,concentric,HIGH,primary,Stiff-Legged-Deadlift
Stiff-Legged-Deadlift,3,isometric,LOW,stabilizing,Stiff-Legged-Deadlift
Stiff-Legged-Deadlift,20,isometric,LOW,stabilizing,Stiff-Legged-Deadlift
Stiff-Legged-Deadlift,9,isometric,LOW,stabilizing,Stiff-Legged-Deadlift
Straight-Arm-Lat-Pulldown,13,concentric,HIGH,primary,Straight-Arm-Lat-Pulldown
Straight-Arm-Lat-Pulldown,16,concentric,MEDIUM,synergistic,Straight-Arm-Lat-Pulldown
Straight-Arm-Lat-Pulldown,18,isometric,LOW,stabilizing,Straight-Arm-Lat-Pulldown
Sumo-Deadlift,10,concentric,HIGH,primary,Sumo-Deadlift
Sumo-Deadlift,14,concentric,HIGH,primary,Sumo-Deadlift
Sumo-Deadlift,17,concentric,MEDIUM,synergistic,Sumo-Deadlift
Sumo-Deadlift,11,concentric,MEDIUM,synergistic,Sumo-Deadlift
Sumo-Deadlift,3,concentric,MEDIUM,synergistic,Sumo-Deadlift
Sumo-Deadlift,20,isometric,LOW,stabilizing,Sumo-Deadlift
Sumo-Deadlift,9,isometric,LOW,stabilizing,Sumo-Deadlift
T-Bar-Row,13,concentric,HIGH,primary,T-Bar-Row
T-Bar-Row,20,concentric,HIGH,primary,T-Bar-Row
T-Bar-Row,16,concentric,HIGH,primary,T-Bar-Row
T-Bar-Row,5,concentric,MEDIUM,synergistic,T-Bar-Row
T-Bar-Row,14,isometric,LOW,stabilizing,T-Bar-Row
T-Bar-Row,9,isometric,LOW,stabilizing,T-Bar-Row
T-Bar-Row,18,isometric,LOW,stabilizing,T-Bar-Row
Trap-Bar-Deadlift-with-High-Handles,10,concentric,HIGH,primary,Trap-Bar-Deadlift-with-High-Handles
Trap-Bar-Deadlift-with-High-Handles,14,concentric,HIGH,primary,Trap-Bar-Deadlift-with-High-Handles
Trap-Bar-Deadlift-with-High-Handles,17,concentric,HIGH,primary,Trap-Bar-Deadlift-with-High-Handles
Trap-Bar-Deadlift-with-High-Handles,3,concentric,MEDIUM,synergistic,Trap-Bar-Deadlift-with-High-Handles
Trap-Bar-Deadlift-with-High-Handles,20,isometric,LOW,stabilizing,Trap-Bar-Deadlift-with-High-Handles
Trap-Bar-Deadlift-with-High-Handles,9,isometric,LOW,stabilizing,Trap-Bar-Deadlift-with-High-Handles
Trap-Bar-Deadlift-with-Low-Handles,10,concentric,HIGH,primary,Trap-Bar-Deadlift-with-Low-Handles
Trap-Bar-Deadlift-with-Low-Handles,14,concentric,HIGH,primary,Trap-Bar-Deadlift-with-Low-Handles
Trap-Bar-Deadlift-with-Low-Handles,17,concentric,HIGH,primary,Trap-Bar-Deadlift-with-Low-Handles
Trap-Bar-Deadlift-with-Low-Handles,3,concentric,MEDIUM,synergistic,Trap-Bar-Deadlift-with-Low-Handles
Trap-Bar-Deadlift-with-Low-Handles,20,isometric,LOW,stabilizing,Trap-Bar-Deadlift-with-Low-Handles
Trap-Bar-Deadlift-with-Low-Handles,9,isometric,LOW,stabilizing,Trap-Bar-Deadlift-with-Low-Handles
Banded-Side-Kick,2,concentric,HIGH,primary,Banded-Side-Kick
Banded-Side-Kick,10,concentric,MEDIUM,synergistic,Banded-Side-Kick
Cable-Pull-Through,10,concentric,HIGH,primary,Cable-Pull-Through
Cable-Pull-Through,14,concentric,MEDIUM,synergistic,Cable-Pull-Through
Cable-Pull-Through,11,concentric,MEDIUM,synergistic,Cable-Pull-Through
Cable-Pull-Through,3,concentric,MEDIUM,synergistic,Cable-Pull-Through
Clamshells,2,concentric,HIGH,primary,Clamshells
Clamshells,10,concentric,MEDIUM,synergistic,Clamshells
Cossack-Squat,10,concentric,HIGH,primary,Cossack-Squat
Cossack-Squat,17,concentric,HIGH,primary,Cossack-Squat
Cossack-Squat,11,isometric,LOW,stabilizing,Cossack-Squat
Cossack-Squat,3,concentric,MEDIUM,synergistic,Cossack-Squat
Death-March-with-Dumbbells,10,concentric,HIGH,primary,Death-March-with-Dumbbells
Death-March-with-Dumbbells,11,concentric,HIGH,primary,Death-March-with-Dumbbells
Death-March-with-Dumbbells,14,concentric,HIGH,primary,Death-March-with-Dumbbells
Death-March-with-Dumbbells,3,concentric,MEDIUM,synergistic,Death-March-with-Dumbbells
Death-March-with-Dumbbells,9,isometric,LOW,stabilizing,Death-March-with-Dumbbells
Death-March-with-Dumbbells,20,isometric,LOW,stabilizing,Death-March-with-Dumbbells
Donkey-Kicks,10,concentric,HIGH,primary,Donkey-Kicks
Donkey-Kicks,11,concentric,MEDIUM,synergistic,Donkey-Kicks
Donkey-Kicks,3,isometric,LOW,stabilizing,Donkey-Kicks
Dumbbell-Romanian-Deadlift,10,concentric,HIGH,primary,Dumbbell-Romanian-Deadlift
Dumbbell-Romanian-Deadlift,14,concentric,HIGH,primary,Dumbbell-Romanian-Deadlift
Dumbbell-Romanian-Deadlift,11,concentric,HIGH,primary,Dumbbell-Romanian-Deadlift
Dumbbell-Romanian-Deadlift,3,concentric,MEDIUM,synergistic,Dumbbell-Romanian-Deadlift
Dumbbell-Romanian-Deadlift,20,isometric,LOW,stabilizing,Dumbbell-Romanian-Deadlift
Dumbbell-Romanian-Deadlift,9,isometric,LOW,stabilizing,Dumbbell-Romanian-Deadlift
Dumbbell-Frog-Pumps,10,concentric,HIGH,primary,Dumbbell-Frog-Pumps
Dumbbell-Frog-Pumps,11,isometric,LOW,stabilizing,Dumbbell-Frog-Pumps
Dumbbell-Frog-Pumps,3,isometric,LOW,stabilizing,Dumbbell-Frog-Pumps
Fire-Hydrants,10,concentric,HIGH,primary,Fire-Hydrants
Frog-Pumps,10,concentric,HIGH,primary,Frog-Pumps
Frog-Pumps,11,isometric,LOW,stabilizing,Frog-Pumps
Frog-Pumps,3,isometric,LOW,stabilizing,Frog-Pumps
Glute-Bridge,10,concentric,HIGH,primary,Glute-Bridge
Glute-Bridge,17,isometric,LOW,stabilizing,Glute-Bridge
Hip-Abduction-Against-Band,2,concentric,HIGH,primary,Hip-Abduction-Against-Band
Hip-Abduction-Against-Band,10,concentric,MEDIUM,synergistic,Hip-Abduction-Against-Band
Hip-Abduction-Machine,2,concentric,HIGH,primary,Hip-Abduction-Machine
Hip-Abduction-Machine,10,concentric,MEDIUM,synergistic,Hip-Abduction-Machine
Hip-Thrust,10,concentric,HIGH,primary,Hip-Thrust
Hip-Thrust,3,isometric,LOW,stabilizing,Hip-Thrust
Hip-Thrust,17,isometric,LOW,stabilizing,Hip-Thrust
Hip-Thrust-Machine,10,concentric,HIGH,primary,Hip-Thrust-Machine
Hip-Thrust-Machine,3,isometric,LOW,stabilizing,Hip-Thrust-Machine
Hip-Thrust-Machine,17,isometric,LOW,stabilizing,Hip-Thrust-Machine
Hip-Thrust-with-Band-Around-Knees,10,concentric,HIGH,primary,Hip-Thrust-with-Band-Around-Knees
Hip-Thrust-with-Band-Around-Knees,3,concentric,MEDIUM,synergistic,Hip-Thrust-with-Band-Around-Knees
Hip-Thrust-with-Band-Around-Knees,2,concentric,MEDIUM,synergistic,Hip-Thrust-with-Band-Around-Knees
Hip-Thrust-with-Band-Around-Knees,17,isometric,LOW,stabilizing,Hip-Thrust-with-Band-Around-Knees
Lateral-Walk-with-Band,2,concentric,HIGH,primary,Lateral-Walk-with-Band
Lateral-Walk-with-Band,10,concentric,MEDIUM,synergistic,Lateral-Walk-with-Band
Machine-Glute-Kickbacks,10,concentric,HIGH,primary,Machine-Glute-Kickbacks
Machine-Glute-Kickbacks,11,isometric,LOW,stabilizing,Machine-Glute-Kickbacks
Machine-Glute-Kickbacks,3,isometric,LOW,stabilizing,Machine-Glute-Kickbacks
One-Legged-Glute-Bridge,10,concentric,HIGH,primary,One-Legged-Glute-Bridge
One-Legged-Glute-Bridge,3,isometric,LOW,stabilizing,One-Legged-Glute-Bridge
One-Legged-Glute-Bridge,2,isometric,LOW,stabilizing,One-Legged-Glute-Bridge
One-Legged-Glute-Bridge,17,isometric,LOW,stabilizing,One-Legged-Glute-Bridge
One-Legged-Hip-Thrust,10,concentric,HIGH,primary,One-Legged-Hip-Thrust
One-Legged-Hip-Thrust,3,isometric,LOW,stabilizing,One-Legged-Hip-Thrust
One-Legged-Hip-Thrust,2,isometric,LOW,stabilizing,One-Legged-Hip-Thrust
One-Legged-Hip-Thrust,17,isometric,LOW,stabilizing,One-Legged-Hip-Thrust
Reverse-Hyperextension,10,concentric,HIGH,primary,Reverse-Hyperextension
Reverse-Hyperextension,11,concentric,HIGH,primary,Reverse-Hyperextension
Reverse-Hyperextension,14,concentric,HIGH,primary,Reverse-Hyperextension
Romanian-Deadlift,10,concentric,HIGH,primary,Romanian-Deadlift
Romanian-Deadlift,14,concentric,HIGH,primary,Romanian-Deadlift
Romanian-Deadlift,11,concentric,HIGH,primary,Romanian-Deadlift
Romanian-Deadlift,3,concentric,MEDIUM,synergistic,Romanian-Deadlift
Romanian-Deadlift,20,isometric,LOW,stabilizing,Romanian-Deadlift
Romanian-Deadlift,9,isometric,LOW,stabilizing,Romanian-Deadlift
Smith-Machine-Hip-Thrust,10,concentric,HIGH,primary,Smith-Machine-Hip-Thrust
Smith-Machine-Hip-Thrust,3,isometric,LOW,stabilizing,Smith-Machine-Hip-Thrust
Smith-Machine-Hip-Thrust,17,isometric,LOW,stabilizing,Smith-Machine-Hip-Thrust
Single-Leg-Romanian-Deadlift,10,concentric,HIGH,primary,Single-Leg-Romanian-Deadlift
Single-Leg-Romanian-Deadlift,14,concentric,HIGH,primary,Single-Leg-Romanian-Deadlift
Single-Leg-Romanian-Deadlift,11,concentric,HIGH,primary,Single-Leg-Romanian-Deadlift
Single-Leg-Romanian-Deadlift,3,concentric,MEDIUM,synergistic,Single-Leg-Romanian-Deadlift
Single-Leg-Romanian-Deadlift,20,isometric,LOW,stabilizing,Single-Leg-Romanian-Deadlift
Single-Leg-Romanian-Deadlift,9,isometric,LOW,stabilizing,Single-Leg-Romanian-Deadlift
Standing-Glute-Kickback-in-Machine,10,concentric,HIGH,primary,Standing-Glute-Kickback-in-Machine
Standing-Glute-Kickback-in-Machine,11,isometric,LOW,stabilizing,Standing-Glute-Kickback-in-Machine
Standing-Glute-Kickback-in-Machine,3,isometric,LOW,stabilizing,Standing-Glute-Kickback-in-Machine
Step-Up,17,concentric,HIGH,primary,Step-Up
Step-Up,10,concentric,HIGH,primary,Step-Up
Step-Up,3,concentric,HIGH,primary,Step-Up
Step-Up,11,isometric,LOW,stabilizing,Step-Up
Ball-Slams,13,concentric,HIGH,primary,Ball-Slams
Ball-Slams,1,concentric,HIGH,primary,Ball-Slams
Ball-Slams,15,concentric,HIGH,primary,Ball-Slams
Ball-Slams,10,concentric,MEDIUM,synergistic,Ball-Slams
Ball-Slams,4,concentric,MEDIUM,synergistic,Ball-Slams
Cable-Crunch,1,concentric,HIGH,primary,Cable-Crunch
Cable-Crunch,15,isometric,LOW,stabilizing,Cable-Crunch
Crunch,1,concentric,HIGH,primary,Crunch
Crunch,15,isometric,LOW,stabilizing,Crunch
Dead-Bugs,1,isometric,MEDIUM,primary,Dead-Bugs
Dead-Bugs,15,isometric,LOW,stabilizing,Dead-Bugs
Dead-Bugs-with-Dumbbells,1,isometric,MEDIUM,primary,Dead-Bugs-with-Dumbbells
Dead-Bugs-with-Dumbbells,15,isometric,LOW,stabilizing,Dead-Bugs-with-Dumbbells
Dragon-Flag,1,concentric,HIGH,primary,Dragon-Flag
Dragon-Flag,15,concentric,MEDIUM,synergistic,Dragon-Flag
Dragon-Flag,13,isometric,LOW,stabilizing,Dragon-Flag
Hanging-Knee-Raise,1,concentric,HIGH,primary,Hanging-Knee-Raise
Hanging-Knee-Raise,15,isometric,LOW,stabilizing,Hanging-Knee-Raise
Hanging-Leg-Raise,1,concentric,HIGH,primary,Hanging-Leg-Raise
Hanging-Leg-Raise,15,isometric,LOW,stabilizing,Hanging-Leg-Raise
Hanging-Sit-Up,1,concentric,HIGH,primary,Hanging-Sit-Up
Hanging-Sit-Up,15,isometric,LOW,stabilizing,Hanging-Sit-Up
Hanging-Windshield-Wiper,15,concentric,HIGH,primary,Hanging-Windshield-Wiper
Hanging-Windshield-Wiper,1,isometric,MEDIUM,primary,Hanging-Windshield-Wiper
Hanging-Windshield-Wiper,9,isometric,LOW,stabilizing,Hanging-Windshield-Wiper
High-to-Low-Wood-Chop-with-Band,15,concentric,HIGH,primary,High-to-Low-Wood-Chop-with-Band
High-to-Low-Wood-Chop-with-Band,1,isometric,LOW,stabilizing,High-to-Low-Wood-Chop-with-Band
Cable-Machine-Wood-Chop-High-to-Low,15,concentric,HIGH,primary,Cable-Machine-Wood-Chop-High-to-Low
Cable-Machine-Wood-Chop-High-to-Low,1,isometric,LOW,stabilizing,Cable-Machine-Wood-Chop-High-to-Low
Hollow-Hold,1,isometric,MEDIUM,primary,Hollow-Hold
Hollow-Hold,15,isometric,LOW,stabilizing,Hollow-Hold
Hollow-Hold,22,isometric,LOW,stabilizing,Hollow-Hold
Horizontal-Wood-Chop-with-Band,15,concentric,HIGH,primary,Horizontal-Wood-Chop-with-Band
Horizontal-Wood-Chop-with-Cable,15,concentric,HIGH,primary,Horizontal-Wood-Chop-with-Cable
Jackknife-Sit-Up,1,concentric,HIGH,primary,Jackknife-Sit-Up
Jackknife-Sit-Up,22,concentric,HIGH,primary,Jackknife-Sit-Up
Jackknife-Sit-Up,15,isometric,LOW,stabilizing,Jackknife-Sit-Up
Kettlebell-Plank-Pull-Through,1,isometric,MEDIUM,primary,Kettlebell-Plank-Pull-Through
Kettlebell-Plank-Pull-Through,15,isometric,LOW,stabilizing,Kettlebell-Plank-Pull-Through
Kneeling-Ab-Wheel-Roll-Out,1,concentric,HIGH,primary,Kneeling-Ab-Wheel-Roll-Out
Kneeling-Ab-Wheel-Roll-Out,15,isometric,LOW,stabilizing,Kneeling-Ab-Wheel-Roll-Out
Kneeling-Plank,1,isometric,MEDIUM,primary,Kneeling-Plank
Kneeling-Plank,15,isometric,LOW,stabilizing,Kneeling-Plank
Kneeling-Side-Plank,15,isometric,MEDIUM,primary,Kneeling-Side-Plank
Kneeling-Side-Plank,1,isometric,LOW,stabilizing,Kneeling-Side-Plank
L-Sit,1,isometric,HIGH,primary,L-Sit
L-Sit,7,isometric,LOW,stabilizing,L-Sit
L-Sit,4,isometric,LOW,stabilizing,L-Sit
L-Sit,21,isometric,LOW,stabilizing,L-Sit
L-Sit,15,isometric,LOW,stabilizing,L-Sit
L-Sit,17,isometric,LOW,stabilizing,L-Sit
Lying-Leg-Raise,1,concentric,HIGH,primary,Lying-Leg-Raise
Lying-Leg-Raise,15,isometric,LOW,stabilizing,Lying-Leg-Raise
Lying-Windshield-Wiper,15,concentric,HIGH,primary,Lying-Windshield-Wiper
Lying-Windshield-Wiper,1,isometric,LOW,stabilizing,Lying-Windshield-Wiper
Lying-Windshield-Wiper-with-Bent-Knees,15,concentric,HIGH,primary,Lying-Windshield-Wiper-with-Bent-Knees
Lying-Windshield-Wiper-with-Bent-Knees,1,isometric,LOW,stabilizing,Lying-Windshield-Wiper-with-Bent-Knees
Machine-Crunch,1,concentric,HIGH,primary,Machine-Crunch
Machine-Crunch,15,isometric,LOW,stabilizing,Machine-Crunch
Mountain-Climbers,1,isometric,MEDIUM,primary,Mountain-Climbers
Mountain-Climbers,15,isometric,LOW,stabilizing,Mountain-Climbers
Oblique-Crunch,15,concentric,HIGH,primary,Oblique-Crunch
Oblique-Crunch,1,isometric,LOW,stabilizing,Oblique-Crunch
Oblique-Sit-Up,15,concentric,HIGH,primary,Oblique-Sit-Up
Oblique-Sit-Up,1,isometric,LOW,stabilizing,Oblique-Sit-Up
Plank,1,isometric,MEDIUM,primary,Plank
Plank,15,isometric,LOW,stabilizing,Plank
Plank-with-Leg-Lifts,1,isometric,MEDIUM,primary,Plank-with-Leg-Lifts
Plank-with-Leg-Lifts,15,isometric,LOW,stabilizing,Plank-with-Leg-Lifts
Russian-Twist,15,concentric,HIGH,primary,Russian-Twist
Russian-Twist,1,isometric,MEDIUM,primary,Russian-Twist
Side-Plank,15,isometric,MEDIUM,primary,Side-Plank
Side-Plank,1,isometric,LOW,stabilizing,Side-Plank
Sit-Up,1,concentric,HIGH,primary,Sit-Up
Sit-Up,15,isometric,LOW,stabilizing,Sit-Up
Barbell-Standing-Calf-Raise,6,concentric,HIGH,primary,Barbell-Standing-Calf-Raise
Donkey-Calf-Raises,6,concentric,HIGH,primary,Donkey-Calf-Raises
Eccentric-Heel-Drop,6,eccentric,HIGH,primary,Eccentric-Heel-Drop
Heel-Raise,6,concentric,HIGH,primary,Heel-Raise
Seated-Calf-Raise,6,concentric,HIGH,primary,Seated-Calf-Raise
Standing-Calf-Raise,6,concentric,HIGH,primary,Standing-Calf-Raise
Barbell-Wrist-Curl,9,concentric,HIGH,primary,Barbell-Wrist-Curl
Barbell-Wrist-Curl-Behind-the-Back,9,concentric,HIGH,primary,Barbell-Wrist-Curl-Behind-the-Back
Bar-Hang,9,isometric,HIGH,primary,Bar-Hang
Dumbbell-Wrist-Curl,9,concentric,HIGH,primary,Dumbbell-Wrist-Curl
Farmers-Walk,9,isometric,HIGH,primary,Farmers-Walk
Farmers-Walk,15,isometric,HIGH,primary,Farmers-Walk
Farmers-Walk,10,concentric,HIGH,primary,Farmers-Walk
Farmers-Walk,20,isometric,HIGH,primary,Farmers-Walk
Farmers-Walk,17,concentric,MEDIUM,synergistic,Farmers-Walk
Farmers-Walk,1,isometric,LOW,stabilizing,Farmers-Walk
Farmers-Walk,14,isometric,LOW,stabilizing,Farmers-Walk
Farmers-Walk,6,concentric,MEDIUM,synergistic,Farmers-Walk
Farmers-Walk,12,isometric,LOW,stabilizing,Farmers-Walk
Fat-Bar-Deadlift,10,concentric,HIGH,primary,Fat-Bar-Deadlift
Fat-Bar-Deadlift,9,isometric,HIGH,primary,Fat-Bar-Deadlift
Fat-Bar-Deadlift,14,concentric,HIGH,primary,Fat-Bar-Deadlift
Fat-Bar-Deadlift,17,concentric,MEDIUM,synergistic,Fat-Bar-Deadlift
Fat-Bar-Deadlift,11,concentric,MEDIUM,synergistic,Fat-Bar-Deadlift
Fat-Bar-Deadlift,3,concentric,MEDIUM,synergistic,Fat-Bar-Deadlift
Fat-Bar-Deadlift,20,isometric,LOW,stabilizing,Fat-Bar-Deadlift
Gripper,9,isometric,HIGH,primary,Gripper
One-Handed-Bar-Hang,9,isometric,HIGH,primary,One-Handed-Bar-Hang
Plate-Pinch,9,isometric,HIGH,primary,Plate-Pinch
Plate-Wrist-Curl,9,concentric,HIGH,primary,Plate-Wrist-Curl
Towel-Pull-Up,9,isometric,HIGH,primary,Towel-Pull-Up
Towel-Pull-Up,13,concentric,HIGH,primary,Towel-Pull-Up
Towel-Pull-Up,5,concentric,MEDIUM,synergistic,Towel-Pull-Up
Towel-Pull-Up,16,concentric,MEDIUM,synergistic,Towel-Pull-Up
Towel-Pull-Up,18,isometric,LOW,stabilizing,Towel-Pull-Up
Wrist-Roller,9,concentric,HIGH,primary,Wrist-Roller
Barbell-Wrist-Extension,8,concentric,HIGH,primary,Barbell-Wrist-Extension
Dumbbell-Wrist-Extension,8,concentric,HIGH,primary,Dumbbell-Wrist-Extension