1,7,concentric,HIGH,primary,Assisted-Dips,Assisted-Dips
1,4,concentric,HIGH,primary,Assisted-Dips,Assisted-Dips
1,21,concentric,HIGH,primary,Assisted-Dips,Assisted-Dips
2,7,concentric,HIGH,primary,Band-Assisted-Bench-Press,Band-Assisted-Bench-Press
2,4,concentric,HIGH,primary,Band-Assisted-Bench-Press,Band-Assisted-Bench-Press
2,21,concentric,MEDIUM,synergistic,Band-Assisted-Bench-Press,Band-Assisted-Bench-Press
3,7,concentric,HIGH,primary,Bar-Dip,Bar-Dip
3,4,concentric,HIGH,primary,Bar-Dip,Bar-Dip
3,21,concentric,HIGH,primary,Bar-Dip,Bar-Dip
4,7,concentric,HIGH,primary,Bench-Press,Bench-Press
4,4,concentric,HIGH,primary,Bench-Press,Bench-Press
4,21,concentric,MEDIUM,synergistic,Bench-Press,Bench-Press
5,7,concentric,HIGH,primary,Bench-Press-Against-Band,Bench-Press-Against-Band
5,4,concentric,HIGH,primary,Bench-Press-Against-Band,Bench-Press-Against-Band
5,21,concentric,MEDIUM,synergistic,Bench-Press-Against-Band,Bench-Press-Against-Band
6,7,concentric,HIGH,primary,Board-Press,Board-Press
6,4,concentric,HIGH,primary,Board-Press,Board-Press
6,21,concentric,MEDIUM,synergistic,Board-Press,Board-Press
7,7,concentric,HIGH,primary,Cable-Chest-Press,Cable-Chest-Press
7,4,concentric,MEDIUM,synergistic,Cable-Chest-Press,Cable-Chest-Press
7,21,concentric,MEDIUM,synergistic,Cable-Chest-Press,Cable-Chest-Press
8,21,concentric,HIGH,primary,Close-Grip-Bench-Press,Close-Grip-Bench-Press
8,7,concentric,MEDIUM,synergistic,Close-Grip-Bench-Press,Close-Grip-Bench-Press
8,4,concentric,MEDIUM,synergistic,Close-Grip-Bench-Press,Close-Grip-Bench-Press
9,21,concentric,HIGH,primary,Close-Grip-Feet-up-Bench-Press,Close-Grip-Feet-up-Bench-Press
9,7,concentric,MEDIUM,synergistic,Close-Grip-Feet-up-Bench-Press,Close-Grip-Feet-up-Bench-Press
9,4,concentric,MEDIUM,synergistic,Close-Grip-Feet-up-Bench-Press,Close-Grip-Feet-up-Bench-Press
10,7,concentric,HIGH,primary,Decline-Bench-Press,Decline-Bench-Press
10,21,concentric,MEDIUM,synergistic,Decline-Bench-Press,Decline-Bench-Press
10,4,concentric,MEDIUM,synergistic,Decline-Bench-Press,Decline-Bench-Press
11,7,concentric,HIGH,primary,Decline-Push-Up,Decline-Push-Up
11,4,concentric,HIGH,primary,Decline-Push-Up,Decline-Push-Up
11,21,concentric,MEDIUM,synergistic,Decline-Push-Up,Decline-Push-Up
11,1,isometric,LOW,stabilizing,Decline-Push-Up,Decline-Push-Up
12,7,concentric,HIGH,primary,Dumbbell-Chest-Fly,Dumbbell-Chest-Fly
12,4,isometric,LOW,stabilizing,Dumbbell-Chest-Fly,Dumbbell-Chest-Fly
13,7,concentric,HIGH,primary,Dumbbell-Chest-Press,Dumbbell-Chest-Press
13,4,concentric,HIGH,primary,Dumbbell-Chest-Press,Dumbbell-Chest-Press
13,21,concentric,MEDIUM,synergistic,Dumbbell-Chest-Press,Dumbbell-Chest-Press
14,7,concentric,HIGH,primary,Dumbbell-Decline-Chest-Press,Dumbbell-Decline-Chest-Press
14,4,concentric,HIGH,primary,Dumbbell-Decline-Chest-Press,Dumbbell-Decline-Chest-Press
14,21,concentric,MEDIUM,synergistic,Dumbbell-Decline-Chest-Press,Dumbbell-Decline-Chest-Press
15,7,concentric,HIGH,primary,Dumbbell-Floor-Press,Dumbbell-Floor-Press
15,4,concentric,HIGH,primary,Dumbbell-Floor-Press,Dumbbell-Floor-Press
15,21,concentric,MEDIUM,synergistic,Dumbbell-Floor-Press,Dumbbell-Floor-Press
16,7,concentric,HIGH,primary,Dumbbell-Pullover,Dumbbell-Pullover
16,13,concentric,MEDIUM,synergistic,Dumbbell-Pullover,Dumbbell-Pullover
17,7,concentric,HIGH,primary,Feet-up-Bench-Press,Feet-up-Bench-Press
17,4,concentric,HIGH,primary,Feet-up-Bench-Press,Feet-up-Bench-Press
17,21,concentric,MEDIUM,synergistic,Feet-up-Bench-Press,Feet-up-Bench-Press
18,7,concentric,HIGH,primary,Floor-Press,Floor-Press
18,4,concentric,HIGH,primary,Floor-Press,Floor-Press
18,21,concentric,MEDIUM,synergistic,Floor-Press,Floor-Press
19,7,concentric,HIGH,primary,Incline-Bench-Press,Incline-Bench-Press
19,4,concentric,HIGH,primary,Incline-Bench-Press,Incline-Bench-Press
19,21,concentric,MEDIUM,synergistic,Incline-Bench-Press,Incline-Bench-Press
20,7,concentric,HIGH,primary,Dumbbell-Incline-Press,Dumbbell-Incline-Press
20,4,concentric,HIGH,primary,Dumbbell-Incline-Press,Dumbbell-Incline-Press
20,21,concentric,MEDIUM,synergistic,Dumbbell-Incline-Press,Dumbbell-Incline-Press
21,7,concentric,HIGH,primary,Incline-Push-Up,Incline-Push-Up
21,4,concentric,HIGH,primary,Incline-Push-Up,Incline-Push-Up
21,21,concentric,MEDIUM,synergistic,Incline-Push-Up,Incline-Push-Up
21,1,isometric,LOW,stabilizing,Incline-Push-Up,Incline-Push-Up
22,7,concentric,HIGH,primary,Kettlebell-Floor-Press,Kettlebell-Floor-Press
22,4,concentric,HIGH,primary,Kettlebell-Floor-Press,Kettlebell-Floor-Press
22,21,concentric,MEDIUM,synergistic,Kettlebell-Floor-Press,Kettlebell-Floor-Press
23,7,concentric,HIGH,primary,Kneeling-Incline-Push-Up,Kneeling-Incline-Push-Up
23,4,concentric,HIGH,primary,Kneeling-Incline-Push-Up,Kneeling-Incline-Push-Up
23,21,concentric,MEDIUM,synergistic,Kneeling-Incline-Push-Up,Kneeling-Incline-Push-Up
23,1,isometric,LOW,stabilizing,Kneeling-Incline-Push-Up,Kneeling-Incline-Push-Up
24,7,concentric,HIGH,primary,Kneeling-Push-Up,Kneeling-Push-Up
24,4,concentric,HIGH,primary,Kneeling-Push-Up,Kneeling-Push-Up
24,21,concentric,MEDIUM,synergistic,Kneeling-Push-Up,Kneeling-Push-Up
24,1,isometric,LOW,stabilizing,Kneeling-Push-Up,Kneeling-Push-Up
25,7,concentric,HIGH,primary,Machine-Chest-Fly,Machine-Chest-Fly
25,4,isometric,LOW,stabilizing,Machine-Chest-Fly,Machine-Chest-Fly
26,7,concentric,HIGH,primary,Machine-Chest-Press,Machine-Chest-Press
26,4,concentric,HIGH,primary,Machine-Chest-Press,Machine-Chest-Press
26,21,concentric,MEDIUM,synergistic,Machine-Chest-Press,Machine-Chest-Press
27,7,concentric,HIGH,primary,Pec-Deck,Pec-Deck
27,4,isometric,LOW,stabilizing,Pec-Deck,Pec-Deck
28,7,concentric,HIGH,primary,Pin-Bench-Press,Pin-Bench-Press
28,4,concentric,HIGH,primary,Pin-Bench-Press,Pin-Bench-Press
28,21,concentric,MEDIUM,synergistic,Pin-Bench-Press,Pin-Bench-Press
29,7,concentric,HIGH,primary,Push-Up,Push-Up
29,4,concentric,HIGH,primary,Push-Up,Push-Up
29,21,concentric,MEDIUM,synergistic,Push-Up,Push-Up
29,1,isometric,LOW,stabilizing,Push-Up,Push-Up
30,7,concentric,HIGH,primary,Push-up-Against-Wall,Push-up-Against-Wall
30,4,concentric,HIGH,primary,Push-up-Against-Wall,Push-up-Against-Wall
30,21,concentric,MEDIUM,synergistic,Push-up-Against-Wall,Push-up-Against-Wall
30,1,isometric,LOW,stabilizing,Push-up-Against-Wall,Push-up-Against-Wall
31,7,concentric,HIGH,primary,Push-Ups-with-Feet-in-Rings,Push-Ups-with-Feet-in-Rings
31,4,concentric,HIGH,primary,Push-Ups-with-Feet-in-Rings,Push-Ups-with-Feet-in-Rings
31,21,concentric,MEDIUM,synergistic,Push-Ups-with-Feet-in-Rings,Push-Ups-with-Feet-in-Rings
31,1,isometric,LOW,stabilizing,Push-Ups-with-Feet-in-Rings,Push-Ups-with-Feet-in-Rings
32,7,concentric,HIGH,primary,Resistance-Band-Chest-Fly,Resistance-Band-Chest-Fly
32,4,isometric,LOW,stabilizing,Resistance-Band-Chest-Fly,Resistance-Band-Chest-Fly
33,21,concentric,HIGH,primary,Ring-Dip,Ring-Dip
33,7,concentric,HIGH,primary,Ring-Dip,Ring-Dip
33,4,concentric,MEDIUM,synergistic,Ring-Dip,Ring-Dip
34,7,concentric,HIGH,primary,Smith-Machine-Bench-Press,Smith-Machine-Bench-Press
34,4,concentric,HIGH,primary,Smith-Machine-Bench-Press,Smith-Machine-Bench-Press
34,21,concentric,MEDIUM,synergistic,Smith-Machine-Bench-Press,Smith-Machine-Bench-Press
35,7,concentric,HIGH,primary,Smith-Machine-Incline-Bench-Press,Smith-Machine-Incline-Bench-Press
35,4,concentric,HIGH,primary,Smith-Machine-Incline-Bench-Press,Smith-Machine-Incline-Bench-Press
35,21,concentric,MEDIUM,synergistic,Smith-Machine-Incline-Bench-Press,Smith-Machine-Incline-Bench-Press
36,7,concentric,HIGH,primary,Smith-Machine-Reverse-Grip-Bench-Press,Smith-Machine-Reverse-Grip-Bench-Press
36,4,concentric,HIGH,primary,Smith-Machine-Reverse-Grip-Bench-Press,Smith-Machine-Reverse-Grip-Bench-Press
36,21,concentric,MEDIUM,synergistic,Smith-Machine-Reverse-Grip-Bench-Press,Smith-Machine-Reverse-Grip-Bench-Press
37,7,concentric,HIGH,primary,Standing-Cable-Chest-Fly,Standing-Cable-Chest-Fly
37,4,isometric,LOW,stabilizing,Standing-Cable-Chest-Fly,Standing-Cable-Chest-Fly
38,7,concentric,HIGH,primary,Standing-Resistance-Band-Chest-Fly,Standing-Resistance-Band-Chest-Fly
38,4,isometric,LOW,stabilizing,Standing-Resistance-Band-Chest-Fly,Standing-Resistance-Band-Chest-Fly
39,4,concentric,HIGH,primary,Arnold-Press,Arnold-Press
39,12,concentric,MEDIUM,synergistic,Arnold-Press,Arnold-Press
39,21,concentric,MEDIUM,synergistic,Arnold-Press,Arnold-Press
40,18,concentric,MEDIUM,primary,Band-External-Shoulder-Rotation,Band-External-Shoulder-Rotation
41,18,concentric,MEDIUM,primary,Band-Internal-Shoulder-Rotation,Band-Internal-Shoulder-Rotation
42,16,concentric,MEDIUM,primary,Band-Pull-Apart,Band-Pull-Apart
42,18,concentric,MEDIUM,primary,Band-Pull-Apart,Band-Pull-Apart
42,20,isometric,LOW,stabilizing,Band-Pull-Apart,Band-Pull-Apart
43,4,concentric,HIGH,primary,Barbell-Front-Raise,Barbell-Front-Raise
43,12,isometric,LOW,stabilizing,Barbell-Front-Raise,Barbell-Front-Raise
44,16,concentric,HIGH,primary,Barbell-Rear-Delt-Row,Barbell-Rear-Delt-Row
44,20,concentric,HIGH,primary,Barbell-Rear-Delt-Row,Barbell-Rear-Delt-Row
44,18,isometric,LOW,stabilizing,Barbell-Rear-Delt-Row,Barbell-Rear-Delt-Row
44,5,concentric,MEDIUM,synergistic,Barbell-Rear-Delt-Row,Barbell-Rear-Delt-Row
44,9,concentric,MEDIUM,synergistic,Barbell-Rear-Delt-Row,Barbell-Rear-Delt-Row
45,12,concentric,HIGH,primary,Barbell-Upright-Row,Barbell-Upright-Row
45,4,concentric,MEDIUM,synergistic,Barbell-Upright-Row,Barbell-Upright-Row
45,20,concentric,MEDIUM,synergistic,Barbell-Upright-Row,Barbell-Upright-Row
45,5,concentric,MEDIUM,synergistic,Barbell-Upright-Row,Barbell-Upright-Row
46,4,concentric,HIGH,primary,Behind-the-Neck-Press,Behind-the-Neck-Press
46,12,concentric,HIGH,primary,Behind-the-Neck-Press,Behind-the-Neck-Press
46,20,isometric,LOW,stabilizing,Behind-the-Neck-Press,Behind-the-Neck-Press
46,21,concentric,MEDIUM,synergistic,Behind-the-Neck-Press,Behind-the-Neck-Press
47,18,concentric,MEDIUM,primary,Internal-Shoulder-Rotations,Internal-Shoulder-Rotations
48,12,concentric,HIGH,primary,Cable-Lateral-Raise,Cable-Lateral-Raise
48,4,isometric,LOW,stabilizing,Cable-Lateral-Raise,Cable-Lateral-Raise
49,16,concentric,HIGH,primary,Cable-Rear-Delt-Row,Cable-Rear-Delt-Row
49,18,concentric,HIGH,primary,Cable-Rear-Delt-Row,Cable-Rear-Delt-Row
49,20,isometric,LOW,stabilizing,Cable-Rear-Delt-Row,Cable-Rear-Delt-Row
49,5,concentric,MEDIUM,synergistic,Cable-Rear-Delt-Row,Cable-Rear-Delt-Row
50,4,concentric,HIGH,primary,Cuban-Press,Cuban-Press
50,12,concentric,MEDIUM,synergistic,Cuban-Press,Cuban-Press
50,16,concentric,MEDIUM,synergistic,Cuban-Press,Cuban-Press
50,20,isometric,LOW,stabilizing,Cuban-Press,Cuban-Press
50,21,concentric,MEDIUM,synergistic,Cuban-Press,Cuban-Press
51,4,concentric,HIGH,primary,Dumbbell-Front-Raise,Dumbbell-Front-Raise
51,12,isometric,LOW,stabilizing,Dumbbell-Front-Raise,Dumbbell-Front-Raise
52,18,concentric,MEDIUM,primary,Dumbbell-Horizontal-Internal-Shoulder-Rotation,Dumbbell-Horizontal-Internal-Shoulder-Rotation
53,18,concentric,MEDIUM,primary,Dumbbell-Horizontal-External-Shoulder-Rotation,Dumbbell-Horizontal-External-Shoulder-Rotation
54,12,concentric,HIGH,primary,Dumbbell-Lateral-Raise,Dumbbell-Lateral-Raise
54,4,isometric,LOW,stabilizing,Dumbbell-Lateral-Raise,Dumbbell-Lateral-Raise
55,16,concentric,HIGH,primary,Dumbbell-Rear-Delt-Row,Dumbbell-Rear-Delt-Row
55,20,concentric,HIGH,primary,Dumbbell-Rear-Delt-Row,Dumbbell-Rear-Delt-Row
55,18,isometric,LOW,stabilizing,Dumbbell-Rear-Delt-Row,Dumbbell-Rear-Delt-Row
55,5,concentric,MEDIUM,synergistic,Dumbbell-Rear-Delt-Row,Dumbbell-Rear-Delt-Row
55,9,concentric,MEDIUM,synergistic,Dumbbell-Rear-Delt-Row,Dumbbell-Rear-Delt-Row
56,4,concentric,HIGH,primary,Dumbbell-Shoulder-Press,Dumbbell-Shoulder-Press
56,21,concentric,MEDIUM,synergistic,Dumbbell-Shoulder-Press,Dumbbell-Shoulder-Press
56,12,isometric,LOW,stabilizing,Dumbbell-Shoulder-Press,Dumbbell-Shoulder-Press
57,16,concentric,MEDIUM,primary,Face-Pull,Face-Pull
57,18,concentric,MEDIUM,primary,Face-Pull,Face-Pull
57,20,isometric,LOW,stabilizing,Face-Pull,Face-Pull
57,12,isometric,LOW,stabilizing,Face-Pull,Face-Pull
58,4,isometric,MEDIUM,primary,Front-Hold,Front-Hold
58,12,isometric,LOW,stabilizing,Front-Hold,Front-Hold
59,4,concentric,HIGH,primary,Handstand-Push-Up,Handstand-Push-Up
59,12,concentric,MEDIUM,synergistic,Handstand-Push-Up,Handstand-Push-Up
59,21,concentric,MEDIUM,synergistic,Handstand-Push-Up,Handstand-Push-Up
60,4,concentric,HIGH,primary,Landmine-Press,Landmine-Press
60,21,concentric,MEDIUM,synergistic,Landmine-Press,Landmine-Press
60,7,concentric,MEDIUM,synergistic,Landmine-Press,Landmine-Press
61,18,concentric,MEDIUM,primary,Lying-Dumbbell-External-Shoulder-Rotation,Lying-Dumbbell-External-Shoulder-Rotation
62,18,concentric,MEDIUM,primary,Lying-Dumbbell-Internal-Shoulder-Rotation,Lying-Dumbbell-Internal-Shoulder-Rotation
63,12,concentric,HIGH,primary,Machine-Lateral-Raise,Machine-Lateral-Raise
63,4,isometric,LOW,stabilizing,Machine-Lateral-Raise,Machine-Lateral-Raise
64,4,concentric,HIGH,primary,Machine-Shoulder-Press,Machine-Shoulder-Press
64,21,concentric,MEDIUM,synergistic,Machine-Shoulder-Press,Machine-Shoulder-Press
64,12,isometric,LOW,stabilizing,Machine-Shoulder-Press,Machine-Shoulder-Press
65,12,concentric,HIGH,primary,Monkey-Row,Monkey-Row
65,16,concentric,MEDIUM,synergistic,Monkey-Row,Monkey-Row
65,20,concentric,MEDIUM,synergistic,Monkey-Row,Monkey-Row
65,5,concentric,MEDIUM,synergistic,Monkey-Row,Monkey-Row
66,4,concentric,HIGH,primary,One-Arm-Landmine-Press,One-Arm-Landmine-Press
66,21,concentric,MEDIUM,synergistic,One-Arm-Landmine-Press,One-Arm-Landmine-Press
66,7,concentric,MEDIUM,synergistic,One-Arm-Landmine-Press,One-Arm-Landmine-Press
67,4,concentric,HIGH,primary,Overhead-Press,Overhead-Press
67,21,concentric,MEDIUM,synergistic,Overhead-Press,Overhead-Press
67,12,isometric,LOW,stabilizing,Overhead-Press,Overhead-Press
68,4,concentric,HIGH,primary,Plate-Front-Raise,Plate-Front-Raise
68,12,isometric,LOW,stabilizing,Plate-Front-Raise,Plate-Front-Raise
69,4,special,HIGH,primary,Power-Jerk,Power-Jerk
69,17,special,MEDIUM,synergistic,Power-Jerk,Power-Jerk
69,10,special,MEDIUM,synergistic,Power-Jerk,Power-Jerk
69,3,special,MEDIUM,synergistic,Power-Jerk,Power-Jerk
69,14,special,MEDIUM,synergistic,Power-Jerk,Power-Jerk
69,20,special,MEDIUM,synergistic,Power-Jerk,Power-Jerk
69,21,special,MEDIUM,synergistic,Power-Jerk,Power-Jerk
69,12,special,MEDIUM,synergistic,Power-Jerk,Power-Jerk
70,4,concentric,HIGH,primary,Push-Press,Push-Press
70,17,concentric,MEDIUM,synergistic,Push-Press,Push-Press
70,10,concentric,MEDIUM,synergistic,Push-Press,Push-Press
70,3,concentric,MEDIUM,synergistic,Push-Press,Push-Press
70,14,concentric,MEDIUM,synergistic,Push-Press,Push-Press
70,20,concentric,MEDIUM,synergistic,Push-Press,Push-Press
70,21,concentric,MEDIUM,synergistic,Push-Press,Push-Press
70,12,concentric,MEDIUM,synergistic,Push-Press,Push-Press
71,16,concentric,MEDIUM,primary,Reverse-Cable-Fly,Reverse-Cable-Fly
71,18,concentric,MEDIUM,primary,Reverse-Cable-Fly,Reverse-Cable-Fly
71,20,isometric,LOW,stabilizing,Reverse-Cable-Fly,Reverse-Cable-Fly
72,16,concentric,MEDIUM,primary,Reverse-Dumbbell-Flyes,Reverse-Dumbbell-Flyes
72,18,concentric,MEDIUM,primary,Reverse-Dumbbell-Flyes,Reverse-Dumbbell-Flyes
72,20,isometric,LOW,stabilizing,Reverse-Dumbbell-Flyes,Reverse-Dumbbell-Flyes
73,16,concentric,MEDIUM,primary,Reverse-Machine-Fly,Reverse-Machine-Fly
73,18,concentric,MEDIUM,primary,Reverse-Machine-Fly,Reverse-Machine-Fly
73,20,isometric,LOW,stabilizing,Reverse-Machine-Fly,Reverse-Machine-Fly
74,4,concentric,HIGH,primary,Seated-Dumbbell-Shoulder-Press,Seated-Dumbbell-Shoulder-Press
74,21,concentric,MEDIUM,synergistic,Seated-Dumbbell-Shoulder-Press,Seated-Dumbbell-Shoulder-Press
74,12,isometric,LOW,stabilizing,Seated-Dumbbell-Shoulder-Press,Seated-Dumbbell-Shoulder-Press
75,4,concentric,HIGH,primary,Seated-Barbell-Overhead-Press,Seated-Barbell-Overhead-Press
75,21,concentric,MEDIUM,synergistic,Seated-Barbell-Overhead-Press,Seated-Barbell-Overhead-Press
75,12,isometric,LOW,stabilizing,Seated-Barbell-Overhead-Press,Seated-Barbell-Overhead-Press
76,4,concentric,HIGH,primary,Seated-Smith-Machine-Shoulder-Press,Seated-Smith-Machine-Shoulder-Press
76,21,concentric,MEDIUM,synergistic,Seated-Smith-Machine-Shoulder-Press,Seated-Smith-Machine-Shoulder-Press
76,12,isometric,LOW,stabilizing,Seated-Smith-Machine-Shoulder-Press,Seated-Smith-Machine-Shoulder-Press
77,4,concentric,HIGH,primary,Snatch-Grip-Behind-the-Neck-Press,Snatch-Grip-Behind-the-Neck-Press
77,12,concentric,HIGH,primary,Snatch-Grip-Behind-the-Neck-Press,Snatch-Grip-Behind-the-Neck-Press
77,20,isometric,LOW,stabilizing,Snatch-Grip-Behind-the-Neck-Press,Snatch-Grip-Behind-the-Neck-Press
77,21,concentric,MEDIUM,synergistic,Snatch-Grip-Behind-the-Neck-Press,Snatch-Grip-Behind-the-Neck-Press
78,10,special,HIGH,primary,Squat-Jerk,Squat-Jerk
78,14,special,HIGH,primary,Squat-Jerk,Squat-Jerk
78,3,special,HIGH,primary,Squat-Jerk,Squat-Jerk
78,17,special,HIGH,primary,Squat-Jerk,Squat-Jerk
78,4,special,HIGH,primary,Squat-Jerk,Squat-Jerk
78,20,special,MEDIUM,synergistic,Squat-Jerk,Squat-Jerk
78,21,special,MEDIUM,synergistic,Squat-Jerk,Squat-Jerk
78,12,special,MEDIUM,synergistic,Squat-Jerk,Squat-Jerk
78,6,special,MEDIUM,synergistic,Squat-Jerk,Squat-Jerk
79,4,special,HIGH,primary,Split-Jerk,Split-Jerk
79,17,special,MEDIUM,synergistic,Split-Jerk,Split-Jerk
79,10,special,MEDIUM,synergistic,Split-Jerk,Split-Jerk
79,3,special,MEDIUM,synergistic,Split-Jerk,Split-Jerk
79,14,special,MEDIUM,synergistic,Split-Jerk,Split-Jerk
79,20,special,MEDIUM,synergistic,Split-Jerk,Split-Jerk
79,21,special,MEDIUM,synergistic,Split-Jerk,Split-Jerk
79,12,special,MEDIUM,synergistic,Split-Jerk,Split-Jerk
80,5,concentric,HIGH,primary,Barbell-Curl,Barbell-Curl
80,9,concentric,MEDIUM,synergistic,Barbell-Curl,Barbell-Curl
81,5,concentric,HIGH,primary,Barbell-Preacher-Curl,Barbell-Preacher-Curl
81,9,concentric,MEDIUM,synergistic,Barbell-Preacher-Curl,Barbell-Preacher-Curl
82,5,concentric,HIGH,primary,Bayesian-Curl,Bayesian-Curl
82,9,concentric,MEDIUM,synergistic,Bayesian-Curl,Bayesian-Curl
83,5,concentric,HIGH,primary,Bodyweight-Curl,Bodyweight-Curl
83,13,concentric,MEDIUM,synergistic,Bodyweight-Curl,Bodyweight-Curl
83,9,concentric,MEDIUM,synergistic,Bodyweight-Curl,Bodyweight-Curl
84,5,concentric,HIGH,primary,Cable-Crossover-Bicep-Curl,Cable-Crossover-Bicep-Curl
84,9,concentric,MEDIUM,synergistic,Cable-Crossover-Bicep-Curl,Cable-Crossover-Bicep-Curl
85,5,concentric,HIGH,primary,Cable-Curl-with-Bar,Cable-Curl-with-Bar
85,9,concentric,MEDIUM,synergistic,Cable-Curl-with-Bar,Cable-Curl-with-Bar
86,5,concentric,HIGH,primary,Cable-Curl-with-Rope,Cable-Curl-with-Rope
86,9,concentric,MEDIUM,synergistic,Cable-Curl-with-Rope,Cable-Curl-with-Rope
87,5,concentric,HIGH,primary,Concentration-Curl,Concentration-Curl
87,9,concentric,MEDIUM,synergistic,Concentration-Curl,Concentration-Curl
88,5,concentric,HIGH,primary,Drag-Curl,Drag-Curl
88,9,concentric,MEDIUM,synergistic,Drag-Curl,Drag-Curl
89,5,concentric,HIGH,primary,Dumbbell-Curl,Dumbbell-Curl
89,9,concentric,MEDIUM,synergistic,Dumbbell-Curl,Dumbbell-Curl
90,5,concentric,HIGH,primary,Dumbbell-Preacher-Curl,Dumbbell-Preacher-Curl
90,9,concentric,MEDIUM,synergistic,Dumbbell-Preacher-Curl,Dumbbell-Preacher-Curl
91,5,concentric,HIGH,primary,Hammer-Curl,Hammer-Curl
91,9,concentric,MEDIUM,synergistic,Hammer-Curl,Hammer-Curl
92,5,concentric,HIGH,primary,Incline-Dumbbell-Curl,Incline-Dumbbell-Curl
92,9,concentric,MEDIUM,synergistic,Incline-Dumbbell-Curl,Incline-Dumbbell-Curl
93,5,concentric,HIGH,primary,Machine-Bicep-Curl,Machine-Bicep-Curl
93,9,concentric,MEDIUM,synergistic,Machine-Bicep-Curl,Machine-Bicep-Curl
94,5,concentric,HIGH,primary,Resistance-Band-Curl,Resistance-Band-Curl
94,9,concentric,MEDIUM,synergistic,Resistance-Band-Curl,Resistance-Band-Curl
95,5,concentric,HIGH,primary,Spider-Curl,Spider-Curl
95,9,concentric,MEDIUM,synergistic,Spider-Curl,Spider-Curl
96,21,concentric,HIGH,primary,Barbell-Standing-Triceps-Extension,Barbell-Standing-Triceps-Extension
97,21,concentric,HIGH,primary,Barbell-Incline-Triceps-Extension,Barbell-Incline-Triceps-Extension
98,21,concentric,HIGH,primary,Barbell-Lying-Triceps-Extension,Barbell-Lying-Triceps-Extension
99,21,concentric,HIGH,primary,Bench-Dip,Bench-Dip
99,7,concentric,MEDIUM,synergistic,Bench-Dip,Bench-Dip
99,4,concentric,MEDIUM,synergistic,Bench-Dip,Bench-Dip
100,21,concentric,HIGH,primary,Crossbody-Cable-Triceps-Extension,Crossbody-Cable-Triceps-Extension
101,21,concentric,HIGH,primary,Close-Grip-Push-Up,Close-Grip-Push-Up
101,1,isometric,LOW,stabilizing,Close-Grip-Push-Up,Close-Grip-Push-Up
101,7,concentric,MEDIUM,synergistic,Close-Grip-Push-Up,Close-Grip-Push-Up
101,4,concentric,MEDIUM,synergistic,Close-Grip-Push-Up,Close-Grip-Push-Up
102,21,concentric,HIGH,primary,Dumbbell-Lying-Triceps-Extension,Dumbbell-Lying-Triceps-Extension
103,21,concentric,HIGH,primary,Dumbbell-Standing-Triceps-Extension,Dumbbell-Standing-Triceps-Extension
104,21,concentric,HIGH,primary,Overhead-Cable-Triceps-Extension,Overhead-Cable-Triceps-Extension
105,21,concentric,HIGH,primary,Tate-Press,Tate-Press
105,4,concentric,MEDIUM,synergistic,Tate-Press,Tate-Press
105,7,concentric,MEDIUM,synergistic,Tate-Press,Tate-Press
106,21,concentric,HIGH,primary,Triceps-Bodyweight-Extension,Triceps-Bodyweight-Extension
107,21,concentric,HIGH,primary,Tricep-Pushdown-with-Bar,Tricep-Pushdown-with-Bar
108,21,concentric,HIGH,primary,Tricep-Pushdown-with-Rope,Tricep-Pushdown-with-Rope
109,17,concentric,HIGH,primary,Air-Squat,Air-Squat
109,10,concentric,HIGH,primary,Air-Squat,Air-Squat
109,3,concentric,HIGH,primary,Air-Squat,Air-Squat
109,6,isometric,LOW,stabilizing,Air-Squat,Air-Squat
110,17,concentric,HIGH,primary,Barbell-Hack-Squat,Barbell-Hack-Squat
110,10,concentric,MEDIUM,synergistic,Barbell-Hack-Squat,Barbell-Hack-Squat
110,3,concentric,MEDIUM,synergistic,Barbell-Hack-Squat,Barbell-Hack-Squat
110,14,isometric,LOW,stabilizing,Barbell-Hack-Squat,Barbell-Hack-Squat
110,20,isometric,LOW,stabilizing,Barbell-Hack-Squat,Barbell-Hack-Squat
110,9,isometric,LOW,stabilizing,Barbell-Hack-Squat,Barbell-Hack-Squat
110,6,isometric,LOW,stabilizing,Barbell-Hack-Squat,Barbell-Hack-Squat
111,17,concentric,HIGH,primary,Barbell-Lunge,Barbell-Lunge
111,10,concentric,HIGH,primary,Barbell-Lunge,Barbell-Lunge
111,3,concentric,HIGH,primary,Barbell-Lunge,Barbell-Lunge
112,17,concentric,HIGH,primary,Barbell-Walking-Lunges,Barbell-Walking-Lunges
112,10,concentric,HIGH,primary,Barbell-Walking-Lunges,Barbell-Walking-Lunges
112,3,concentric,HIGH,primary,Barbell-Walking-Lunges,Barbell-Walking-Lunges
113,17,concentric,HIGH,primary,Belt-Squats,Belt-Squats
113,10,concentric,HIGH,primary,Belt-Squats,Belt-Squats
113,3,concentric,HIGH,primary,Belt-Squats,Belt-Squats
113,6,isometric,LOW,stabilizing,Belt-Squats,Belt-Squats
114,17,concentric,HIGH,primary,Body-Weight-Lunge,Body-Weight-Lunge
114,10,concentric,HIGH,primary,Body-Weight-Lunge,Body-Weight-Lunge
114,3,concentric,HIGH,primary,Body-Weight-Lunge,Body-Weight-Lunge
115,11,concentric,HIGH,primary,Bodyweight-Leg-Curl,Bodyweight-Leg-Curl
115,10,concentric,MEDIUM,synergistic,Bodyweight-Leg-Curl,Bodyweight-Leg-Curl
116,17,special,HIGH,primary,Box-Jump,Box-Jump
116,10,special,HIGH,primary,Box-Jump,Box-Jump
116,3,special,HIGH,primary,Box-Jump,Box-Jump
116,6,special,MEDIUM,synergistic,Box-Jump,Box-Jump
117,17,concentric,HIGH,primary,Box-Squat,Box-Squat
117,10,concentric,HIGH,primary,Box-Squat,Box-Squat
117,3,concentric,HIGH,primary,Box-Squat,Box-Squat
117,14,concentric,HIGH,primary,Box-Squat,Box-Squat
117,6,isometric,LOW,stabilizing,Box-Squat,Box-Squat
118,17,concentric,HIGH,primary,Bulgarian-Split-Squat,Bulgarian-Split-Squat
118,10,concentric,HIGH,primary,Bulgarian-Split-Squat,Bulgarian-Split-Squat
118,3,concentric,HIGH,primary,Bulgarian-Split-Squat,Bulgarian-Split-Squat
119,17,concentric,HIGH,primary,Chair-Squats,Chair-Squats
119,10,concentric,HIGH,primary,Chair-Squats,Chair-Squats
119,3,concentric,HIGH,primary,Chair-Squats,Chair-Squats
119,6,isometric,LOW,stabilizing,Chair-Squats,Chair-Squats
120,17,concentric,HIGH,primary,Dumbbell-Lunge,Dumbbell-Lunge
120,10,concentric,HIGH,primary,Dumbbell-Lunge,Dumbbell-Lunge
120,3,concentric,HIGH,primary,Dumbbell-Lunge,Dumbbell-Lunge
120,9,isometric,LOW,stabilizing,Dumbbell-Lunge,Dumbbell-Lunge
121,17,concentric,HIGH,primary,Dumbbell-Squat,Dumbbell-Squat
121,10,concentric,HIGH,primary,Dumbbell-Squat,Dumbbell-Squat
121,3,concentric,HIGH,primary,Dumbbell-Squat,Dumbbell-Squat
121,14,isometric,LOW,stabilizing,Dumbbell-Squat,Dumbbell-Squat
121,6,isometric,LOW,stabilizing,Dumbbell-Squat,Dumbbell-Squat
122,17,concentric,HIGH,primary,Front-Squat,Front-Squat
122,10,concentric,HIGH,primary,Front-Squat,Front-Squat
122,3,concentric,HIGH,primary,Front-Squat,Front-Squat
122,14,isometric,LOW,stabilizing,Front-Squat,Front-Squat
122,6,isometric,LOW,stabilizing,Front-Squat,Front-Squat
123,11,concentric,HIGH,primary,Glute-Ham-Raise,Glute-Ham-Raise
123,10,concentric,MEDIUM,synergistic,Glute-Ham-Raise,Glute-Ham-Raise
123,14,concentric,MEDIUM,synergistic,Glute-Ham-Raise,Glute-Ham-Raise
124,17,concentric,HIGH,primary,Goblet-Squat,Goblet-Squat
124,10,concentric,HIGH,primary,Goblet-Squat,Goblet-Squat
124,3,concentric,HIGH,primary,Goblet-Squat,Goblet-Squat
124,14,isometric,LOW,stabilizing,Goblet-Squat,Goblet-Squat
124,6,isometric,LOW,stabilizing,Goblet-Squat,Goblet-Squat
125,17,concentric,HIGH,primary,Hack-Squat-Machine,Hack-Squat-Machine
125,10,concentric,HIGH,primary,Hack-Squat-Machine,Hack-Squat-Machine
125,3,concentric,HIGH,primary,Hack-Squat-Machine,Hack-Squat-Machine
126,17,concentric,HIGH,primary,Half-Body-Weight-Squats,Half-Body-Weight-Squats
126,10,concentric,HIGH,primary,Half-Body-Weight-Squats,Half-Body-Weight-Squats
126,3,concentric,HIGH,primary,Half-Body-Weight-Squats,Half-Body-Weight-Squats
126,6,isometric,LOW,stabilizing,Half-Body-Weight-Squats,Half-Body-Weight-Squats
127,3,concentric,HIGH,primary,Hip-Adduction-Machine,Hip-Adduction-Machine
128,17,special,HIGH,primary,Jumping-Lunges,Jumping-Lunges
128,10,special,HIGH,primary,Jumping-Lunges,Jumping-Lunges
128,3,special,HIGH,primary,Jumping-Lunges,Jumping-Lunges
129,17,concentric,HIGH,primary,Landmine-Hack-Squat,Landmine-Hack-Squat
129,10,concentric,HIGH,primary,Landmine-Hack-Squat,Landmine-Hack-Squat
129,3,concentric,HIGH,primary,Landmine-Hack-Squat,Landmine-Hack-Squat
130,17,concentric,HIGH,primary,Landmine-Squat,Landmine-Squat
130,10,concentric,HIGH,primary,Landmine-Squat,Landmine-Squat
130,3,concentric,HIGH,primary,Landmine-Squat,Landmine-Squat
130,14,isometric,LOW,stabilizing,Landmine-Squat,Landmine-Squat
130,6,isometric,LOW,stabilizing,Landmine-Squat,Landmine-Squat
131,11,concentric,HIGH,primary,Leg-Curl-on-Ball,Leg-Curl-on-Ball
131,10,concentric,MEDIUM,synergistic,Leg-Curl-on-Ball,Leg-Curl-on-Ball
132,17,concentric,HIGH,primary,Leg-Extension,Leg-Extension
133,17,concentric,HIGH,primary,Leg-Press,Leg-Press
133,10,concentric,HIGH,primary,Leg-Press,Leg-Press
133,3,concentric,HIGH,primary,Leg-Press,Leg-Press
133,11,isometric,LOW,stabilizing,Leg-Press,Leg-Press
134,11,concentric,HIGH,primary,Lying-Leg-Curl,Lying-Leg-Curl
135,11,eccentric,HIGH,primary,Nordic-Hamstring-Eccentric,Nordic-Hamstring-Eccentric
136,17,concentric,HIGH,primary,Pause-Squat,Pause-Squat
136,10,concentric,HIGH,primary,Pause-Squat,Pause-Squat
136,3,concentric,HIGH,primary,Pause-Squat,Pause-Squat
136,14,concentric,HIGH,primary,Pause-Squat,Pause-Squat
136,6,isometric,LOW,stabilizing,Pause-Squat,Pause-Squat
137,17,concentric,HIGH,primary,Pistol-Squat,Pistol-Squat
137,10,concentric,HIGH,primary,Pistol-Squat,Pistol-Squat
137,11,isometric,LOW,stabilizing,Pistol-Squat,Pistol-Squat
138,3,concentric,HIGH,primary,Reverse-Barbell-Lunge,Reverse-Barbell-Lunge
138,17,concentric,HIGH,primary,Reverse-Barbell-Lunge,Reverse-Barbell-Lunge
138,10,concentric,HIGH,primary,Reverse-Barbell-Lunge,Reverse-Barbell-Lunge
139,17,concentric,HIGH,primary,Reverse-Body-Weight-Lunges,Reverse-Body-Weight-Lunges
139,10,concentric,HIGH,primary,Reverse-Body-Weight-Lunges,Reverse-Body-Weight-Lunges
139,3,concentric,HIGH,primary,Reverse-Body-Weight-Lunges,Reverse-Body-Weight-Lunges
140,17,concentric,HIGH,primary,Reverse-Dumbbell-Lunge,Reverse-Dumbbell-Lunge
140,10,concentric,HIGH,primary,Reverse-Dumbbell-Lunge,Reverse-Dumbbell-Lunge
140,3,concentric,HIGH,primary,Reverse-Dumbbell-Lunge,Reverse-Dumbbell-Lunge
140,9,isometric,LOW,stabilizing,Reverse-Dumbbell-Lunge,Reverse-Dumbbell-Lunge
141,10,concentric,HIGH,primary,Romanian-Deadlift,Romanian-Deadlift
141,14,concentric,HIGH,primary,Romanian-Deadlift,Romanian-Deadlift
141,11,concentric,HIGH,primary,Romanian-Deadlift,Romanian-Deadlift
141,3,concentric,MEDIUM,synergistic,Romanian-Deadlift,Romanian-Deadlift
141,20,isometric,LOW,stabilizing,Romanian-Deadlift,Romanian-Deadlift
141,9,isometric,LOW,stabilizing,Romanian-Deadlift,Romanian-Deadlift
142,17,concentric,HIGH,primary,Safety-Bar-Squat,Safety-Bar-Squat
142,10,concentric,HIGH,primary,Safety-Bar-Squat,Safety-Bar-Squat
142,3,concentric,HIGH,primary,Safety-Bar-Squat,Safety-Bar-Squat
142,14,concentric,HIGH,primary,Safety-Bar-Squat,Safety-Bar-Squat
142,6,isometric,LOW,stabilizing,Safety-Bar-Squat,Safety-Bar-Squat
143,11,concentric,HIGH,primary,Seated-Leg-Curl,Seated-Leg-Curl
144,17,concentric,HIGH,primary,Shallow-Lunges-Bodyweight,Shallow-Lunges-Bodyweight
144,10,concentric,HIGH,primary,Shallow-Lunges-Bodyweight,Shallow-Lunges-Bodyweight
144,3,concentric,HIGH,primary,Shallow-Lunges-Bodyweight,Shallow-Lunges-Bodyweight
144,11,isometric,LOW,stabilizing,Shallow-Lunges-Bodyweight,Shallow-Lunges-Bodyweight
145,17,concentric,HIGH,primary,Side-Lunges-Bodyweight,Side-Lunges-Bodyweight
145,10,concentric,HIGH,primary,Side-Lunges-Bodyweight,Side-Lunges-Bodyweight
145,3,concentric,MEDIUM,synergistic,Side-Lunges-Bodyweight,Side-Lunges-Bodyweight
146,17,concentric,HIGH,primary,Smith-Machine-Bulgarian-Split-Squat,Smith-Machine-Bulgarian-Split-Squat
146,10,concentric,HIGH,primary,Smith-Machine-Bulgarian-Split-Squat,Smith-Machine-Bulgarian-Split-Squat
146,3,concentric,HIGH,primary,Smith-Machine-Bulgarian-Split-Squat,Smith-Machine-Bulgarian-Split-Squat
147,17,concentric,HIGH,primary,Smith-Machine-Front-Squat,Smith-Machine-Front-Squat
147,10,concentric,HIGH,primary,Smith-Machine-Front-Squat,Smith-Machine-Front-Squat
147,3,concentric,HIGH,primary,Smith-Machine-Front-Squat,Smith-Machine-Front-Squat
147,14,concentric,HIGH,primary,Smith-Machine-Front-Squat,Smith-Machine-Front-Squat
147,6,isometric,LOW,stabilizing,Smith-Machine-Front-Squat,Smith-Machine-Front-Squat
148,17,concentric,HIGH,primary,Smith-Machine-Squat,Smith-Machine-Squat
148,10,concentric,HIGH,primary,Smith-Machine-Squat,Smith-Machine-Squat
148,3,concentric,HIGH,primary,Smith-Machine-Squat,Smith-Machine-Squat
148,14,concentric,HIGH,primary,Smith-Machine-Squat,Smith-Machine-Squat
148,6,isometric,LOW,stabilizing,Smith-Machine-Squat,Smith-Machine-Squat
149,17,concentric,HIGH,primary,Squat,Squat
149,10,concentric,HIGH,primary,Squat,Squat
149,3,concentric,HIGH,primary,Squat,Squat
149,14,concentric,HIGH,primary,Squat,Squat
149,6,isometric,LOW,stabilizing,Squat,Squat
150,17,concentric,HIGH,primary,Step-Up,Step-Up
150,10,concentric,HIGH,primary,Step-Up,Step-Up
150,3,concentric,HIGH,primary,Step-Up,Step-Up
150,11,isometric,LOW,stabilizing,Step-Up,Step-Up
151,17,concentric,HIGH,primary,Zercher-Squat,Zercher-Squat
151,10,concentric,HIGH,primary,Zercher-Squat,Zercher-Squat
151,3,concentric,HIGH,primary,Zercher-Squat,Zercher-Squat
151,14,concentric,HIGH,primary,Zercher-Squat,Zercher-Squat
151,6,isometric,LOW,stabilizing,Zercher-Squat,Zercher-Squat
152,17,concentric,HIGH,primary,Zombie-Squat,Zombie-Squat
152,10,concentric,HIGH,primary,Zombie-Squat,Zombie-Squat
152,3,concentric,HIGH,primary,Zombie-Squat,Zombie-Squat
152,14,concentric,HIGH,primary,Zombie-Squat,Zombie-Squat
152,6,isometric,LOW,stabilizing,Zombie-Squat,Zombie-Squat
153,13,concentric,HIGH,primary,Assisted-Chin-Up,Assisted-Chin-Up
153,5,concentric,MEDIUM,synergistic,Assisted-Chin-Up,Assisted-Chin-Up
153,16,concentric,MEDIUM,synergistic,Assisted-Chin-Up,Assisted-Chin-Up
153,9,isometric,LOW,stabilizing,Assisted-Chin-Up,Assisted-Chin-Up
153,18,isometric,LOW,stabilizing,Assisted-Chin-Up,Assisted-Chin-Up
154,13,concentric,HIGH,primary,Assisted-Pull-Up,Assisted-Pull-Up
154,5,concentric,MEDIUM,synergistic,Assisted-Pull-Up,Assisted-Pull-Up
154,16,concentric,MEDIUM,synergistic,Assisted-Pull-Up,Assisted-Pull-Up
154,9,isometric,LOW,stabilizing,Assisted-Pull-Up,Assisted-Pull-Up
154,18,isometric,LOW,stabilizing,Assisted-Pull-Up,Assisted-Pull-Up
155,10,concentric,HIGH,primary,Back-Extension,Back-Extension
155,14,concentric,HIGH,primary,Back-Extension,Back-Extension
155,11,concentric,MEDIUM,synergistic,Back-Extension,Back-Extension
156,7,concentric,HIGH,primary,Banded-Muscle-Up,Banded-Muscle-Up
156,13,concentric,HIGH,primary,Banded-Muscle-Up,Banded-Muscle-Up
156,21,concentric,HIGH,primary,Banded-Muscle-Up,Banded-Muscle-Up
156,5,concentric,MEDIUM,synergistic,Banded-Muscle-Up,Banded-Muscle-Up
156,9,isometric,LOW,stabilizing,Banded-Muscle-Up,Banded-Muscle-Up
156,4,concentric,MEDIUM,synergistic,Banded-Muscle-Up,Banded-Muscle-Up
156,16,concentric,MEDIUM,synergistic,Banded-Muscle-Up,Banded-Muscle-Up
156,18,isometric,LOW,stabilizing,Banded-Muscle-Up,Banded-Muscle-Up
157,13,concentric,HIGH,primary,Barbell-Row,Barbell-Row
157,20,concentric,HIGH,primary,Barbell-Row,Barbell-Row
157,16,concentric,HIGH,primary,Barbell-Row,Barbell-Row
157,5,concentric,MEDIUM,synergistic,Barbell-Row,Barbell-Row
157,14,isometric,LOW,stabilizing,Barbell-Row,Barbell-Row
157,9,isometric,LOW,stabilizing,Barbell-Row,Barbell-Row
157,18,isometric,LOW,stabilizing,Barbell-Row,Barbell-Row
158,20,concentric,HIGH,primary,Barbell-Shrug,Barbell-Shrug
158,9,isometric,LOW,stabilizing,Barbell-Shrug,Barbell-Shrug
159,10,special,HIGH,primary,Block-Clean,Block-Clean
159,14,special,HIGH,primary,Block-Clean,Block-Clean
159,3,special,HIGH,primary,Block-Clean,Block-Clean
159,17,special,HIGH,primary,Block-Clean,Block-Clean
159,11,special,MEDIUM,synergistic,Block-Clean,Block-Clean
159,20,special,MEDIUM,synergistic,Block-Clean,Block-Clean
159,9,isometric,LOW,stabilizing,Block-Clean,Block-Clean
159,6,isometric,LOW,stabilizing,Block-Clean,Block-Clean
160,10,special,HIGH,primary,Block-Snatch,Block-Snatch
160,14,special,HIGH,primary,Block-Snatch,Block-Snatch
160,3,special,HIGH,primary,Block-Snatch,Block-Snatch
160,17,special,HIGH,primary,Block-Snatch,Block-Snatch
160,11,special,MEDIUM,synergistic,Block-Snatch,Block-Snatch
160,20,special,MEDIUM,synergistic,Block-Snatch,Block-Snatch
160,6,isometric,LOW,stabilizing,Block-Snatch,Block-Snatch
160,9,isometric,LOW,stabilizing,Block-Snatch,Block-Snatch
161,13,concentric,HIGH,primary,Cable-Close-Grip-Seated-Row,Cable-Close-Grip-Seated-Row
161,20,concentric,HIGH,primary,Cable-Close-Grip-Seated-Row,Cable-Close-Grip-Seated-Row
161,16,concentric,HIGH,primary,Cable-Close-Grip-Seated-Row,Cable-Close-Grip-Seated-Row
161,5,concentric,MEDIUM,synergistic,Cable-Close-Grip-Seated-Row,Cable-Close-Grip-Seated-Row
161,9,isometric,LOW,stabilizing,Cable-Close-Grip-Seated-Row,Cable-Close-Grip-Seated-Row
161,18,isometric,LOW,stabilizing,Cable-Close-Grip-Seated-Row,Cable-Close-Grip-Seated-Row
162,13,concentric,HIGH,primary,Cable-Wide-Grip-Seated-Row,Cable-Wide-Grip-Seated-Row
162,20,concentric,HIGH,primary,Cable-Wide-Grip-Seated-Row,Cable-Wide-Grip-Seated-Row
162,16,concentric,HIGH,primary,Cable-Wide-Grip-Seated-Row,Cable-Wide-Grip-Seated-Row
162,5,concentric,MEDIUM,synergistic,Cable-Wide-Grip-Seated-Row,Cable-Wide-Grip-Seated-Row
162,9,isometric,LOW,stabilizing,Cable-Wide-Grip-Seated-Row,Cable-Wide-Grip-Seated-Row
162,18,isometric,LOW,stabilizing,Cable-Wide-Grip-Seated-Row,Cable-Wide-Grip-Seated-Row
163,13,concentric,HIGH,primary,Chest-to-Bar,Chest-to-Bar
163,16,concentric,MEDIUM,synergistic,Chest-to-Bar,Chest-to-Bar
163,5,concentric,MEDIUM,synergistic,Chest-to-Bar,Chest-to-Bar
163,18,isometric,LOW,stabilizing,Chest-to-Bar,Chest-to-Bar
163,9,isometric,LOW,stabilizing,Chest-to-Bar,Chest-to-Bar
164,13,concentric,HIGH,primary,Chin-Up,Chin-Up
164,5,concentric,MEDIUM,synergistic,Chin-Up,Chin-Up
164,16,concentric,MEDIUM,synergistic,Chin-Up,Chin-Up
164,9,isometric,LOW,stabilizing,Chin-Up,Chin-Up
164,18,isometric,LOW,stabilizing,Chin-Up,Chin-Up
165,10,special,HIGH,primary,Clean,Clean
165,14,special,HIGH,primary,Clean,Clean
165,3,special,HIGH,primary,Clean,Clean
165,17,special,HIGH,primary,Clean,Clean
165,11,special,MEDIUM,synergistic,Clean,Clean
165,20,special,MEDIUM,synergistic,Clean,Clean
165,9,isometric,LOW,stabilizing,Clean,Clean
165,6,isometric,LOW,stabilizing,Clean,Clean
166,10,special,HIGH,primary,Clean-and-Jerk,Clean-and-Jerk
166,14,special,HIGH,primary,Clean-and-Jerk,Clean-and-Jerk
166,3,special,HIGH,primary,Clean-and-Jerk,Clean-and-Jerk
166,17,special,HIGH,primary,Clean-and-Jerk,Clean-and-Jerk
166,4,special,HIGH,primary,Clean-and-Jerk,Clean-and-Jerk
166,11,special,MEDIUM,synergistic,Clean-and-Jerk,Clean-and-Jerk
166,20,special,MEDIUM,synergistic,Clean-and-Jerk,Clean-and-Jerk
166,9,isometric,LOW,stabilizing,Clean-and-Jerk,Clean-and-Jerk
166,21,concentric,MEDIUM,synergistic,Clean-and-Jerk,Clean-and-Jerk
166,12,concentric,MEDIUM,synergistic,Clean-and-Jerk,Clean-and-Jerk
166,6,isometric,LOW,stabilizing,Clean-and-Jerk,Clean-and-Jerk
167,10,concentric,HIGH,primary,Deadlift,Deadlift
167,14,concentric,HIGH,primary,Deadlift,Deadlift
167,17,concentric,MEDIUM,synergistic,Deadlift,Deadlift
167,11,concentric,MEDIUM,synergistic,Deadlift,Deadlift
167,3,concentric,MEDIUM,synergistic,Deadlift,Deadlift
167,20,isometric,LOW,stabilizing,Deadlift,Deadlift
167,9,isometric,LOW,stabilizing,Deadlift,Deadlift
168,10,concentric,HIGH,primary,Deficit-Deadlift,Deficit-Deadlift
168,14,concentric,HIGH,primary,Deficit-Deadlift,Deficit-Deadlift
168,17,concentric,MEDIUM,synergistic,Deficit-Deadlift,Deficit-Deadlift
168,11,concentric,MEDIUM,synergistic,Deficit-Deadlift,Deficit-Deadlift
168,3,concentric,MEDIUM,synergistic,Deficit-Deadlift,Deficit-Deadlift
168,20,isometric,LOW,stabilizing,Deficit-Deadlift,Deficit-Deadlift
168,9,isometric,LOW,stabilizing,Deficit-Deadlift,Deficit-Deadlift
169,10,concentric,HIGH,primary,Dumbbell-Deadlift,Dumbbell-Deadlift
169,14,concentric,HIGH,primary,Dumbbell-Deadlift,Dumbbell-Deadlift
169,17,concentric,MEDIUM,synergistic,Dumbbell-Deadlift,Dumbbell-Deadlift
169,11,concentric,MEDIUM,synergistic,Dumbbell-Deadlift,Dumbbell-Deadlift
169,3,concentric,MEDIUM,synergistic,Dumbbell-Deadlift,Dumbbell-Deadlift
169,20,isometric,LOW,stabilizing,Dumbbell-Deadlift,Dumbbell-Deadlift
169,9,isometric,LOW,stabilizing,Dumbbell-Deadlift,Dumbbell-Deadlift
170,13,concentric,HIGH,primary,Dumbbell-Row,Dumbbell-Row
170,20,concentric,HIGH,primary,Dumbbell-Row,Dumbbell-Row
170,16,concentric,HIGH,primary,Dumbbell-Row,Dumbbell-Row
170,5,concentric,MEDIUM,synergistic,Dumbbell-Row,Dumbbell-Row
170,9,isometric,LOW,stabilizing,Dumbbell-Row,Dumbbell-Row
170,18,isometric,LOW,stabilizing,Dumbbell-Row,Dumbbell-Row
171,20,concentric,HIGH,primary,Dumbbell-Shrug,Dumbbell-Shrug
171,9,isometric,LOW,stabilizing,Dumbbell-Shrug,Dumbbell-Shrug
172,14,concentric,HIGH,primary,Floor-Back-Extension,Floor-Back-Extension
173,10,concentric,HIGH,primary,Good-Morning,Good-Morning
173,14,concentric,HIGH,primary,Good-Morning,Good-Morning
173,11,concentric,HIGH,primary,Good-Morning,Good-Morning
173,3,isometric,LOW,stabilizing,Good-Morning,Good-Morning
174,13,concentric,HIGH,primary,Gorilla-Row,Gorilla-Row
174,20,concentric,HIGH,primary,Gorilla-Row,Gorilla-Row
174,18,concentric,HIGH,primary,Gorilla-Row,Gorilla-Row
174,5,concentric,MEDIUM,synergistic,Gorilla-Row,Gorilla-Row
174,9,isometric,LOW,stabilizing,Gorilla-Row,Gorilla-Row
174,16,concentric,MEDIUM,synergistic,Gorilla-Row,Gorilla-Row
175,10,special,HIGH,primary,Hang-Clean,Hang-Clean
175,14,special,HIGH,primary,Hang-Clean,Hang-Clean
175,3,special,HIGH,primary,Hang-Clean,Hang-Clean
175,17,special,HIGH,primary,Hang-Clean,Hang-Clean
175,11,special,MEDIUM,synergistic,Hang-Clean,Hang-Clean
175,20,special,MEDIUM,synergistic,Hang-Clean,Hang-Clean
175,9,isometric,LOW,stabilizing,Hang-Clean,Hang-Clean
175,6,isometric,LOW,stabilizing,Hang-Clean,Hang-Clean
176,10,special,HIGH,primary,Hang-Power-Clean,Hang-Power-Clean
176,14,special,HIGH,primary,Hang-Power-Clean,Hang-Power-Clean
176,3,concentric,MEDIUM,synergistic,Hang-Power-Clean,Hang-Power-Clean
176,11,concentric,MEDIUM,synergistic,Hang-Power-Clean,Hang-Power-Clean
176,20,isometric,LOW,stabilizing,Hang-Power-Clean,Hang-Power-Clean
176,9,isometric,LOW,stabilizing,Hang-Power-Clean,Hang-Power-Clean
177,10,special,HIGH,primary,Hang-Power-Snatch,Hang-Power-Snatch
177,14,special,HIGH,primary,Hang-Power-Snatch,Hang-Power-Snatch
177,3,concentric,MEDIUM,synergistic,Hang-Power-Snatch,Hang-Power-Snatch
177,11,concentric,MEDIUM,synergistic,Hang-Power-Snatch,Hang-Power-Snatch
177,20,isometric,LOW,stabilizing,Hang-Power-Snatch,Hang-Power-Snatch
177,9,isometric,LOW,stabilizing,Hang-Power-Snatch,Hang-Power-Snatch
178,10,special,HIGH,primary,Hang-Snatch,Hang-Snatch
178,14,special,HIGH,primary,Hang-Snatch,Hang-Snatch
178,3,special,HIGH,primary,Hang-Snatch,Hang-Snatch
178,17,special,HIGH,primary,Hang-Snatch,Hang-Snatch
178,11,special,MEDIUM,synergistic,Hang-Snatch,Hang-Snatch
178,20,special,MEDIUM,synergistic,Hang-Snatch,Hang-Snatch
178,9,isometric,LOW,stabilizing,Hang-Snatch,Hang-Snatch
178,6,isometric,LOW,stabilizing,Hang-Snatch,Hang-Snatch
179,13,concentric,HIGH,primary,Inverted-Row,Inverted-Row
179,20,concentric,HIGH,primary,Inverted-Row,Inverted-Row
179,16,concentric,HIGH,primary,Inverted-Row,Inverted-Row
179,5,concentric,MEDIUM,synergistic,Inverted-Row,Inverted-Row
179,9,isometric,LOW,stabilizing,Inverted-Row,Inverted-Row
179,18,isometric,LOW,stabilizing,Inverted-Row,Inverted-Row
180,13,concentric,HIGH,primary,Inverted-Row-with-Underhand-Grip,Inverted-Row-with-Underhand-Grip
180,20,concentric,HIGH,primary,Inverted-Row-with-Underhand-Grip,Inverted-Row-with-Underhand-Grip
180,16,concentric,HIGH,primary,Inverted-Row-with-Underhand-Grip,Inverted-Row-with-Underhand-Grip
180,5,concentric,MEDIUM,synergistic,Inverted-Row-with-Underhand-Grip,Inverted-Row-with-Underhand-Grip
180,9,isometric,LOW,stabilizing,Inverted-Row-with-Underhand-Grip,Inverted-Row-with-Underhand-Grip
180,18,isometric,LOW,stabilizing,Inverted-Row-with-Underhand-Grip,Inverted-Row-with-Underhand-Grip
181,14,concentric,HIGH,primary,Jefferson-Curl,Jefferson-Curl
181,3,concentric,MEDIUM,synergistic,Jefferson-Curl,Jefferson-Curl
181,10,concentric,MEDIUM,synergistic,Jefferson-Curl,Jefferson-Curl
181,11,concentric,MEDIUM,synergistic,Jefferson-Curl,Jefferson-Curl
181,20,isometric,LOW,stabilizing,Jefferson-Curl,Jefferson-Curl
182,7,special,HIGH,primary,Jumping-Muscle-Up,Jumping-Muscle-Up
182,13,special,HIGH,primary,Jumping-Muscle-Up,Jumping-Muscle-Up
182,21,special,HIGH,primary,Jumping-Muscle-Up,Jumping-Muscle-Up
182,5,special,MEDIUM,synergistic,Jumping-Muscle-Up,Jumping-Muscle-Up
182,9,isometric,LOW,stabilizing,Jumping-Muscle-Up,Jumping-Muscle-Up
182,4,special,MEDIUM,synergistic,Jumping-Muscle-Up,Jumping-Muscle-Up
182,16,special,MEDIUM,synergistic,Jumping-Muscle-Up,Jumping-Muscle-Up
182,18,isometric,LOW,stabilizing,Jumping-Muscle-Up,Jumping-Muscle-Up
183,10,special,HIGH,primary,Kettlebell-Clean,Kettlebell-Clean
183,14,special,HIGH,primary,Kettlebell-Clean,Kettlebell-Clean
183,11,special,MEDIUM,synergistic,Kettlebell-Clean,Kettlebell-Clean
183,20,special,MEDIUM,synergistic,Kettlebell-Clean,Kettlebell-Clean
183,9,isometric,LOW,stabilizing,Kettlebell-Clean,Kettlebell-Clean
183,3,concentric,MEDIUM,synergistic,Kettlebell-Clean,Kettlebell-Clean
183,15,isometric,LOW,stabilizing,Kettlebell-Clean,Kettlebell-Clean
184,10,special,HIGH,primary,Kettlebell-Clean-and-Jerk,Kettlebell-Clean-and-Jerk
184,14,special,HIGH,primary,Kettlebell-Clean-and-Jerk,Kettlebell-Clean-and-Jerk
184,4,special,HIGH,primary,Kettlebell-Clean-and-Jerk,Kettlebell-Clean-and-Jerk
184,11,special,MEDIUM,synergistic,Kettlebell-Clean-and-Jerk,Kettlebell-Clean-and-Jerk
184,3,concentric,MEDIUM,synergistic,Kettlebell-Clean-and-Jerk,Kettlebell-Clean-and-Jerk
184,20,special,MEDIUM,synergistic,Kettlebell-Clean-and-Jerk,Kettlebell-Clean-and-Jerk
184,9,isometric,LOW,stabilizing,Kettlebell-Clean-and-Jerk,Kettlebell-Clean-and-Jerk
184,21,concentric,MEDIUM,synergistic,Kettlebell-Clean-and-Jerk,Kettlebell-Clean-and-Jerk
184,12,concentric,MEDIUM,synergistic,Kettlebell-Clean-and-Jerk,Kettlebell-Clean-and-Jerk
185,10,special,HIGH,primary,Kettlebell-Clean-and-Press,Kettlebell-Clean-and-Press
185,14,special,HIGH,primary,Kettlebell-Clean-and-Press,Kettlebell-Clean-and-Press
185,4,special,HIGH,primary,Kettlebell-Clean-and-Press,Kettlebell-Clean-and-Press
185,11,special,MEDIUM,synergistic,Kettlebell-Clean-and-Press,Kettlebell-Clean-and-Press
185,20,special,MEDIUM,synergistic,Kettlebell-Clean-and-Press,Kettlebell-Clean-and-Press
185,9,isometric,LOW,stabilizing,Kettlebell-Clean-and-Press,Kettlebell-Clean-and-Press
185,21,concentric,MEDIUM,synergistic,Kettlebell-Clean-and-Press,Kettlebell-Clean-and-Press
185,12,concentric,MEDIUM,synergistic,Kettlebell-Clean-and-Press,Kettlebell-Clean-and-Press
185,3,concentric,MEDIUM,synergistic,Kettlebell-Clean-and-Press,Kettlebell-Clean-and-Press
185,15,isometric,LOW,stabilizing,Kettlebell-Clean-and-Press,Kettlebell-Clean-and-Press
186,10,concentric,HIGH,primary,Kettlebell-Swing,Kettlebell-Swing
186,14,concentric,HIGH,primary,Kettlebell-Swing,Kettlebell-Swing
186,11,concentric,MEDIUM,synergistic,Kettlebell-Swing,Kettlebell-Swing
186,3,concentric,MEDIUM,synergistic,Kettlebell-Swing,Kettlebell-Swing
186,20,isometric,LOW,stabilizing,Kettlebell-Swing,Kettlebell-Swing
186,9,isometric,LOW,stabilizing,Kettlebell-Swing,Kettlebell-Swing
187,13,concentric,HIGH,primary,Kroc-Row,Kroc-Row
187,20,concentric,HIGH,primary,Kroc-Row,Kroc-Row
187,16,concentric,HIGH,primary,Kroc-Row,Kroc-Row
187,5,concentric,MEDIUM,synergistic,Kroc-Row,Kroc-Row
187,14,isometric,LOW,stabilizing,Kroc-Row,Kroc-Row
187,9,isometric,LOW,stabilizing,Kroc-Row,Kroc-Row
187,18,isometric,LOW,stabilizing,Kroc-Row,Kroc-Row
188,13,concentric,HIGH,primary,Lat-Pulldown-with-Pronated-Grip,Lat-Pulldown-with-Pronated-Grip
188,5,concentric,MEDIUM,synergistic,Lat-Pulldown-with-Pronated-Grip,Lat-Pulldown-with-Pronated-Grip
188,16,concentric,MEDIUM,synergistic,Lat-Pulldown-with-Pronated-Grip,Lat-Pulldown-with-Pronated-Grip
188,9,isometric,LOW,stabilizing,Lat-Pulldown-with-Pronated-Grip,Lat-Pulldown-with-Pronated-Grip
188,18,isometric,LOW,stabilizing,Lat-Pulldown-with-Pronated-Grip,Lat-Pulldown-with-Pronated-Grip
189,13,concentric,HIGH,primary,Lat-Pulldown-with-Supinated-Grip,Lat-Pulldown-with-Supinated-Grip
189,5,concentric,MEDIUM,synergistic,Lat-Pulldown-with-Supinated-Grip,Lat-Pulldown-with-Supinated-Grip
189,16,concentric,MEDIUM,synergistic,Lat-Pulldown-with-Supinated-Grip,Lat-Pulldown-with-Supinated-Grip
189,9,isometric,LOW,stabilizing,Lat-Pulldown-with-Supinated-Grip,Lat-Pulldown-with-Supinated-Grip
189,18,isometric,LOW,stabilizing,Lat-Pulldown-with-Supinated-Grip,Lat-Pulldown-with-Supinated-Grip
190,7,special,HIGH,primary,Bar-Muscle-Up,Bar-Muscle-Up
190,13,special,HIGH,primary,Bar-Muscle-Up,Bar-Muscle-Up
190,21,special,HIGH,primary,Bar-Muscle-Up,Bar-Muscle-Up
190,5,special,MEDIUM,synergistic,Bar-Muscle-Up,Bar-Muscle-Up
190,9,isometric,LOW,stabilizing,Bar-Muscle-Up,Bar-Muscle-Up
190,4,special,MEDIUM,synergistic,Bar-Muscle-Up,Bar-Muscle-Up
190,16,special,MEDIUM,synergistic,Bar-Muscle-Up,Bar-Muscle-Up
190,18,isometric,LOW,stabilizing,Bar-Muscle-Up,Bar-Muscle-Up
191,7,special,HIGH,primary,Ring-Muscle-Up,Ring-Muscle-Up
191,13,special,HIGH,primary,Ring-Muscle-Up,Ring-Muscle-Up
191,21,special,HIGH,primary,Ring-Muscle-Up,Ring-Muscle-Up
191,5,special,MEDIUM,synergistic,Ring-Muscle-Up,Ring-Muscle-Up
191,9,isometric,LOW,stabilizing,Ring-Muscle-Up,Ring-Muscle-Up
191,4,special,MEDIUM,synergistic,Ring-Muscle-Up,Ring-Muscle-Up
191,16,special,MEDIUM,synergistic,Ring-Muscle-Up,Ring-Muscle-Up
191,18,isometric,LOW,stabilizing,Ring-Muscle-Up,Ring-Muscle-Up
192,13,concentric,HIGH,primary,One-Handed-Cable-Row,One-Handed-Cable-Row
192,20,concentric,HIGH,primary,One-Handed-Cable-Row,One-Handed-Cable-Row
192,16,concentric,HIGH,primary,One-Handed-Cable-Row,One-Handed-Cable-Row
192,5,concentric,MEDIUM,synergistic,One-Handed-Cable-Row,One-Handed-Cable-Row
192,9,isometric,LOW,stabilizing,One-Handed-Cable-Row,One-Handed-Cable-Row
192,18,isometric,LOW,stabilizing,One-Handed-Cable-Row,One-Handed-Cable-Row
193,10,concentric,HIGH,primary,One-Handed-Kettlebell-Swing,One-Handed-Kettlebell-Swing
193,14,concentric,HIGH,primary,One-Handed-Kettlebell-Swing,One-Handed-Kettlebell-Swing
193,11,concentric,MEDIUM,synergistic,One-Handed-Kettlebell-Swing,One-Handed-Kettlebell-Swing
193,3,concentric,MEDIUM,synergistic,One-Handed-Kettlebell-Swing,One-Handed-Kettlebell-Swing
193,20,isometric,LOW,stabilizing,One-Handed-Kettlebell-Swing,One-Handed-Kettlebell-Swing
193,9,isometric,LOW,stabilizing,One-Handed-Kettlebell-Swing,One-Handed-Kettlebell-Swing
193,15,isometric,LOW,stabilizing,One-Handed-Kettlebell-Swing,One-Handed-Kettlebell-Swing
194,13,concentric,HIGH,primary,One-Handed-Lat-Pulldown,One-Handed-Lat-Pulldown
194,5,concentric,MEDIUM,synergistic,One-Handed-Lat-Pulldown,One-Handed-Lat-Pulldown
194,16,concentric,MEDIUM,synergistic,One-Handed-Lat-Pulldown,One-Handed-Lat-Pulldown
194,9,isometric,LOW,stabilizing,One-Handed-Lat-Pulldown,One-Handed-Lat-Pulldown
194,18,isometric,LOW,stabilizing,One-Handed-Lat-Pulldown,One-Handed-Lat-Pulldown
195,10,concentric,HIGH,primary,Pause-Deadlift,Pause-Deadlift
195,14,concentric,HIGH,primary,Pause-Deadlift,Pause-Deadlift
195,17,concentric,MEDIUM,synergistic,Pause-Deadlift,Pause-Deadlift
195,11,concentric,MEDIUM,synergistic,Pause-Deadlift,Pause-Deadlift
195,3,concentric,MEDIUM,synergistic,Pause-Deadlift,Pause-Deadlift
195,20,isometric,LOW,stabilizing,Pause-Deadlift,Pause-Deadlift
195,9,isometric,LOW,stabilizing,Pause-Deadlift,Pause-Deadlift
196,13,concentric,HIGH,primary,Pendlay-Row,Pendlay-Row
196,20,concentric,HIGH,primary,Pendlay-Row,Pendlay-Row
196,16,concentric,HIGH,primary,Pendlay-Row,Pendlay-Row
196,5,concentric,MEDIUM,synergistic,Pendlay-Row,Pendlay-Row
196,14,isometric,LOW,stabilizing,Pendlay-Row,Pendlay-Row
196,9,isometric,LOW,stabilizing,Pendlay-Row,Pendlay-Row
196,18,isometric,LOW,stabilizing,Pendlay-Row,Pendlay-Row
197,10,special,HIGH,primary,Power-Clean,Power-Clean
197,14,special,HIGH,primary,Power-Clean,Power-Clean
197,17,concentric,MEDIUM,synergistic,Power-Clean,Power-Clean
197,3,concentric,MEDIUM,synergistic,Power-Clean,Power-Clean
197,11,concentric,MEDIUM,synergistic,Power-Clean,Power-Clean
197,20,special,MEDIUM,synergistic,Power-Clean,Power-Clean
197,9,isometric,LOW,stabilizing,Power-Clean,Power-Clean
198,10,special,HIGH,primary,Power-Snatch,Power-Snatch
198,14,special,HIGH,primary,Power-Snatch,Power-Snatch
198,17,concentric,MEDIUM,synergistic,Power-Snatch,Power-Snatch
198,3,concentric,MEDIUM,synergistic,Power-Snatch,Power-Snatch
198,11,concentric,MEDIUM,synergistic,Power-Snatch,Power-Snatch
198,20,special,MEDIUM,synergistic,Power-Snatch,Power-Snatch
198,9,isometric,LOW,stabilizing,Power-Snatch,Power-Snatch
199,13,concentric,HIGH,primary,Pull-Up,Pull-Up
199,5,concentric,MEDIUM,synergistic,Pull-Up,Pull-Up
199,16,concentric,MEDIUM,synergistic,Pull-Up,Pull-Up
199,9,isometric,LOW,stabilizing,Pull-Up,Pull-Up
199,18,isometric,LOW,stabilizing,Pull-Up,Pull-Up
200,13,concentric,HIGH,primary,Pull-Ups-with-a-Neutral-Grip,Pull-Ups-with-a-Neutral-Grip
200,5,concentric,MEDIUM,synergistic,Pull-Ups-with-a-Neutral-Grip,Pull-Ups-with-a-Neutral-Grip
200,16,concentric,MEDIUM,synergistic,Pull-Ups-with-a-Neutral-Grip,Pull-Ups-with-a-Neutral-Grip
200,9,isometric,LOW,stabilizing,Pull-Ups-with-a-Neutral-Grip,Pull-Ups-with-a-Neutral-Grip
200,18,isometric,LOW,stabilizing,Pull-Ups-with-a-Neutral-Grip,Pull-Ups-with-a-Neutral-Grip
201,10,concentric,HIGH,primary,Rack-Pull,Rack-Pull
201,14,concentric,HIGH,primary,Rack-Pull,Rack-Pull
201,11,concentric,MEDIUM,synergistic,Rack-Pull,Rack-Pull
201,3,concentric,MEDIUM,synergistic,Rack-Pull,Rack-Pull
201,20,isometric,LOW,stabilizing,Rack-Pull,Rack-Pull
201,9,isometric,LOW,stabilizing,Rack-Pull,Rack-Pull
202,13,concentric,HIGH,primary,Ring-Pull-Up,Ring-Pull-Up
202,5,concentric,MEDIUM,synergistic,Ring-Pull-Up,Ring-Pull-Up
202,16,concentric,MEDIUM,synergistic,Ring-Pull-Up,Ring-Pull-Up
202,9,isometric,LOW,stabilizing,Ring-Pull-Up,Ring-Pull-Up
202,18,isometric,LOW,stabilizing,Ring-Pull-Up,Ring-Pull-Up
203,13,concentric,HIGH,primary,Ring-Row,Ring-Row
203,20,concentric,HIGH,primary,Ring-Row,Ring-Row
203,16,concentric,HIGH,primary,Ring-Row,Ring-Row
203,5,concentric,MEDIUM,synergistic,Ring-Row,Ring-Row
203,9,isometric,LOW,stabilizing,Ring-Row,Ring-Row
203,18,isometric,LOW,stabilizing,Ring-Row,Ring-Row
204,18,isometric,MEDIUM,primary,Scap-Pull-Up,Scap-Pull-Up
204,9,isometric,MEDIUM,primary,Scap-Pull-Up,Scap-Pull-Up
205,13,concentric,HIGH,primary,Seal-Row,Seal-Row
205,20,concentric,HIGH,primary,Seal-Row,Seal-Row
205,16,concentric,HIGH,primary,Seal-Row,Seal-Row
205,5,concentric,MEDIUM,synergistic,Seal-Row,Seal-Row
205,9,isometric,LOW,stabilizing,Seal-Row,Seal-Row
205,18,isometric,LOW,stabilizing,Seal-Row,Seal-Row
206,13,concentric,HIGH,primary,Seated-Machine-Row,Seated-Machine-Row
206,20,concentric,HIGH,primary,Seated-Machine-Row,Seated-Machine-Row
206,16,concentric,HIGH,primary,Seated-Machine-Row,Seated-Machine-Row
206,5,concentric,MEDIUM,synergistic,Seated-Machine-Row,Seated-Machine-Row
206,9,isometric,LOW,stabilizing,Seated-Machine-Row,Seated-Machine-Row
206,18,isometric,LOW,stabilizing,Seated-Machine-Row,Seated-Machine-Row
207,10,concentric,HIGH,primary,Single-Leg-Deadlift-with-Kettlebell,Single-Leg-Deadlift-with-Kettlebell
207,11,concentric,HIGH,primary,Single-Leg-Deadlift-with-Kettlebell,Single-Leg-Deadlift-with-Kettlebell
207,14,concentric,HIGH,primary,Single-Leg-Deadlift-with-Kettlebell,Single-Leg-Deadlift-with-Kettlebell
207,2,isometric,LOW,stabilizing,Single-Leg-Deadlift-with-Kettlebell,Single-Leg-Deadlift-with-Kettlebell
207,3,isometric,LOW,stabilizing,Single-Leg-Deadlift-with-Kettlebell,Single-Leg-Deadlift-with-Kettlebell
207,9,isometric,LOW,stabilizing,Single-Leg-Deadlift-with-Kettlebell,Single-Leg-Deadlift-with-Kettlebell
207,20,isometric,LOW,stabilizing,Single-Leg-Deadlift-with-Kettlebell,Single-Leg-Deadlift-with-Kettlebell
208,13,concentric,HIGH,primary,Smith-Machine-One-Handed-Row,Smith-Machine-One-Handed-Row
208,20,concentric,HIGH,primary,Smith-Machine-One-Handed-Row,Smith-Machine-One-Handed-Row
208,16,concentric,HIGH,primary,Smith-Machine-One-Handed-Row,Smith-Machine-One-Handed-Row
208,5,concentric,MEDIUM,synergistic,Smith-Machine-One-Handed-Row,Smith-Machine-One-Handed-Row
208,9,isometric,LOW,stabilizing,Smith-Machine-One-Handed-Row,Smith-Machine-One-Handed-Row
208,18,isometric,LOW,stabilizing,Smith-Machine-One-Handed-Row,Smith-Machine-One-Handed-Row
209,10,special,HIGH,primary,Snatch,Snatch
209,14,special,HIGH,primary,Snatch,Snatch
209,3,special,HIGH,primary,Snatch,Snatch
209,17,special,HIGH,primary,Snatch,Snatch
209,11,special,MEDIUM,synergistic,Snatch,Snatch
209,20,special,MEDIUM,synergistic,Snatch,Snatch
209,9,isometric,LOW,stabilizing,Snatch,Snatch
209,6,isometric,LOW,stabilizing,Snatch,Snatch
210,10,concentric,HIGH,primary,Snatch-Grip-Deadlift,Snatch-Grip-Deadlift
210,14,concentric,HIGH,primary,Snatch-Grip-Deadlift,Snatch-Grip-Deadlift
210,17,concentric,MEDIUM,synergistic,Snatch-Grip-Deadlift,Snatch-Grip-Deadlift
210,11,concentric,MEDIUM,synergistic,Snatch-Grip-Deadlift,Snatch-Grip-Deadlift
210,3,concentric,MEDIUM,synergistic,Snatch-Grip-Deadlift,Snatch-Grip-Deadlift
210,20,isometric,LOW,stabilizing,Snatch-Grip-Deadlift,Snatch-Grip-Deadlift
210,9,isometric,LOW,stabilizing,Snatch-Grip-Deadlift,Snatch-Grip-Deadlift
211,10,concentric,HIGH,primary,Stiff-Legged-Deadlift,Stiff-Legged-Deadlift
211,14,concentric,HIGH,primary,Stiff-Legged-Deadlift,Stiff-Legged-Deadlift
211,11,concentric,HIGH,primary,Stiff-Legged-Deadlift,Stiff-Legged-Deadlift
211,3,isometric,LOW,stabilizing,Stiff-Legged-Deadlift,Stiff-Legged-Deadlift
211,20,isometric,LOW,stabilizing,Stiff-Legged-Deadlift,Stiff-Legged-Deadlift
211,9,isometric,LOW,stabilizing,Stiff-Legged-Deadlift,Stiff-Legged-Deadlift
212,13,concentric,HIGH,primary,Straight-Arm-Lat-Pulldown,Straight-Arm-Lat-Pulldown
212,16,concentric,MEDIUM,synergistic,Straight-Arm-Lat-Pulldown,Straight-Arm-Lat-Pulldown
212,18,isometric,LOW,stabilizing,Straight-Arm-Lat-Pulldown,Straight-Arm-Lat-Pulldown
213,10,concentric,HIGH,primary,Sumo-Deadlift,Sumo-Deadlift
213,14,concentric,HIGH,primary,Sumo-Deadlift,Sumo-Deadlift
213,17,concentric,MEDIUM,synergistic,Sumo-Deadlift,Sumo-Deadlift
213,11,concentric,MEDIUM,synergistic,Sumo-Deadlift,Sumo-Deadlift
213,3,concentric,MEDIUM,synergistic,Sumo-Deadlift,Sumo-Deadlift
213,20,isometric,LOW,stabilizing,Sumo-Deadlift,Sumo-Deadlift
213,9,isometric,LOW,stabilizing,Sumo-Deadlift,Sumo-Deadlift
214,13,concentric,HIGH,primary,T-Bar-Row,T-Bar-Row
214,20,concentric,HIGH,primary,T-Bar-Row,T-Bar-Row
214,16,concentric,HIGH,primary,T-Bar-Row,T-Bar-Row
214,5,concentric,MEDIUM,synergistic,T-Bar-Row,T-Bar-Row
214,14,isometric,LOW,stabilizing,T-Bar-Row,T-Bar-Row
214,9,isometric,LOW,stabilizing,T-Bar-Row,T-Bar-Row
214,18,isometric,LOW,stabilizing,T-Bar-Row,T-Bar-Row
215,10,concentric,HIGH,primary,Trap-Bar-Deadlift-with-High-Handles,Trap-Bar-Deadlift-with-High-Handles
215,14,concentric,HIGH,primary,Trap-Bar-Deadlift-with-High-Handles,Trap-Bar-Deadlift-with-High-Handles
215,17,concentric,HIGH,primary,Trap-Bar-Deadlift-with-High-Handles,Trap-Bar-Deadlift-with-High-Handles
215,3,concentric,MEDIUM,synergistic,Trap-Bar-Deadlift-with-High-Handles,Trap-Bar-Deadlift-with-High-Handles
215,20,isometric,LOW,stabilizing,Trap-Bar-Deadlift-with-High-Handles,Trap-Bar-Deadlift-with-High-Handles
215,9,isometric,LOW,stabilizing,Trap-Bar-Deadlift-with-High-Handles,Trap-Bar-Deadlift-with-High-Handles
216,10,concentric,HIGH,primary,Trap-Bar-Deadlift-with-Low-Handles,Trap-Bar-Deadlift-with-Low-Handles
216,14,concentric,HIGH,primary,Trap-Bar-Deadlift-with-Low-Handles,Trap-Bar-Deadlift-with-Low-Handles
216,17,concentric,HIGH,primary,Trap-Bar-Deadlift-with-Low-Handles,Trap-Bar-Deadlift-with-Low-Handles
216,3,concentric,MEDIUM,synergistic,Trap-Bar-Deadlift-with-Low-Handles,Trap-Bar-Deadlift-with-Low-Handles
216,20,isometric,LOW,stabilizing,Trap-Bar-Deadlift-with-Low-Handles,Trap-Bar-Deadlift-with-Low-Handles
216,9,isometric,LOW,stabilizing,Trap-Bar-Deadlift-with-Low-Handles,Trap-Bar-Deadlift-with-Low-Handles
217,2,concentric,HIGH,primary,Banded-Side-Kick,Banded-Side-Kick
217,10,concentric,MEDIUM,synergistic,Banded-Side-Kick,Banded-Side-Kick
218,10,concentric,HIGH,primary,Cable-Pull-Through,Cable-Pull-Through
218,14,concentric,MEDIUM,synergistic,Cable-Pull-Through,Cable-Pull-Through
218,11,concentric,MEDIUM,synergistic,Cable-Pull-Through,Cable-Pull-Through
218,3,concentric,MEDIUM,synergistic,Cable-Pull-Through,Cable-Pull-Through
219,2,concentric,HIGH,primary,Clamshells,Clamshells
219,10,concentric,MEDIUM,synergistic,Clamshells,Clamshells
220,10,concentric,HIGH,primary,Cossack-Squat,Cossack-Squat
220,17,concentric,HIGH,primary,Cossack-Squat,Cossack-Squat
220,11,isometric,LOW,stabilizing,Cossack-Squat,Cossack-Squat
220,3,concentric,MEDIUM,synergistic,Cossack-Squat,Cossack-Squat
221,10,concentric,HIGH,primary,Death-March-with-Dumbbells,Death-March-with-Dumbbells
221,11,concentric,HIGH,primary,Death-March-with-Dumbbells,Death-March-with-Dumbbells
221,14,concentric,HIGH,primary,Death-March-with-Dumbbells,Death-March-with-Dumbbells
221,3,concentric,MEDIUM,synergistic,Death-March-with-Dumbbells,Death-March-with-Dumbbells
221,9,isometric,LOW,stabilizing,Death-March-with-Dumbbells,Death-March-with-Dumbbells
221,20,isometric,LOW,stabilizing,Death-March-with-Dumbbells,Death-March-with-Dumbbells
222,10,concentric,HIGH,primary,Donkey-Kicks,Donkey-Kicks
222,11,concentric,MEDIUM,synergistic,Donkey-Kicks,Donkey-Kicks
222,3,isometric,LOW,stabilizing,Donkey-Kicks,Donkey-Kicks
223,10,concentric,HIGH,primary,Dumbbell-Romanian-Deadlift,Dumbbell-Romanian-Deadlift
223,14,concentric,HIGH,primary,Dumbbell-Romanian-Deadlift,Dumbbell-Romanian-Deadlift
223,11,concentric,HIGH,primary,Dumbbell-Romanian-Deadlift,Dumbbell-Romanian-Deadlift
223,3,concentric,MEDIUM,synergistic,Dumbbell-Romanian-Deadlift,Dumbbell-Romanian-Deadlift
223,20,isometric,LOW,stabilizing,Dumbbell-Romanian-Deadlift,Dumbbell-Romanian-Deadlift
223,9,isometric,LOW,stabilizing,Dumbbell-Romanian-Deadlift,Dumbbell-Romanian-Deadlift
224,10,concentric,HIGH,primary,Dumbbell-Frog-Pumps,Dumbbell-Frog-Pumps
224,11,isometric,LOW,stabilizing,Dumbbell-Frog-Pumps,Dumbbell-Frog-Pumps
224,3,isometric,LOW,stabilizing,Dumbbell-Frog-Pumps,Dumbbell-Frog-Pumps
225,10,concentric,HIGH,primary,Fire-Hydrants,Fire-Hydrants
226,10,concentric,HIGH,primary,Frog-Pumps,Frog-Pumps
226,11,isometric,LOW,stabilizing,Frog-Pumps,Frog-Pumps
226,3,isometric,LOW,stabilizing,Frog-Pumps,Frog-Pumps
227,10,concentric,HIGH,primary,Glute-Bridge,Glute-Bridge
227,17,isometric,LOW,stabilizing,Glute-Bridge,Glute-Bridge
228,2,concentric,HIGH,primary,Hip-Abduction-Against-Band,Hip-Abduction-Against-Band
228,10,concentric,MEDIUM,synergistic,Hip-Abduction-Against-Band,Hip-Abduction-Against-Band
229,2,concentric,HIGH,primary,Hip-Abduction-Machine,Hip-Abduction-Machine
229,10,concentric,MEDIUM,synergistic,Hip-Abduction-Machine,Hip-Abduction-Machine
230,10,concentric,HIGH,primary,Hip-Thrust,Hip-Thrust
230,3,isometric,LOW,stabilizing,Hip-Thrust,Hip-Thrust
230,17,isometric,LOW,stabilizing,Hip-Thrust,Hip-Thrust
231,10,concentric,HIGH,primary,Hip-Thrust-Machine,Hip-Thrust-Machine
231,3,isometric,LOW,stabilizing,Hip-Thrust-Machine,Hip-Thrust-Machine
231,17,isometric,LOW,stabilizing,Hip-Thrust-Machine,Hip-Thrust-Machine
232,10,concentric,HIGH,primary,Hip-Thrust-with-Band-Around-Knees,Hip-Thrust-with-Band-Around-Knees
232,3,concentric,MEDIUM,synergistic,Hip-Thrust-with-Band-Around-Knees,Hip-Thrust-with-Band-Around-Knees
232,2,concentric,MEDIUM,synergistic,Hip-Thrust-with-Band-Around-Knees,Hip-Thrust-with-Band-Around-Knees
232,17,isometric,LOW,stabilizing,Hip-Thrust-with-Band-Around-Knees,Hip-Thrust-with-Band-Around-Knees
233,2,concentric,HIGH,primary,Lateral-Walk-with-Band,Lateral-Walk-with-Band
233,10,concentric,MEDIUM,synergistic,Lateral-Walk-with-Band,Lateral-Walk-with-Band
234,10,concentric,HIGH,primary,Machine-Glute-Kickbacks,Machine-Glute-Kickbacks
234,11,isometric,LOW,stabilizing,Machine-Glute-Kickbacks,Machine-Glute-Kickbacks
234,3,isometric,LOW,stabilizing,Machine-Glute-Kickbacks,Machine-Glute-Kickbacks
235,10,concentric,HIGH,primary,One-Legged-Glute-Bridge,One-Legged-Glute-Bridge
235,3,isometric,LOW,stabilizing,One-Legged-Glute-Bridge,One-Legged-Glute-Bridge
235,2,isometric,LOW,stabilizing,One-Legged-Glute-Bridge,One-Legged-Glute-Bridge
235,17,isometric,LOW,stabilizing,One-Legged-Glute-Bridge,One-Legged-Glute-Bridge
236,10,concentric,HIGH,primary,One-Legged-Hip-Thrust,One-Legged-Hip-Thrust
236,3,isometric,LOW,stabilizing,One-Legged-Hip-Thrust,One-Legged-Hip-Thrust
236,2,isometric,LOW,stabilizing,One-Legged-Hip-Thrust,One-Legged-Hip-Thrust
236,17,isometric,LOW,stabilizing,One-Legged-Hip-Thrust,One-Legged-Hip-Thrust
237,10,concentric,HIGH,primary,Reverse-Hyperextension,Reverse-Hyperextension
237,11,concentric,HIGH,primary,Reverse-Hyperextension,Reverse-Hyperextension
237,14,concentric,HIGH,primary,Reverse-Hyperextension,Reverse-Hyperextension
238,10,concentric,HIGH,primary,Smith-Machine-Hip-Thrust,Smith-Machine-Hip-Thrust
238,3,isometric,LOW,stabilizing,Smith-Machine-Hip-Thrust,Smith-Machine-Hip-Thrust
238,17,isometric,LOW,stabilizing,Smith-Machine-Hip-Thrust,Smith-Machine-Hip-Thrust
239,10,concentric,HIGH,primary,Single-Leg-Romanian-Deadlift,Single-Leg-Romanian-Deadlift
239,14,concentric,HIGH,primary,Single-Leg-Romanian-Deadlift,Single-Leg-Romanian-Deadlift
239,11,concentric,HIGH,primary,Single-Leg-Romanian-Deadlift,Single-Leg-Romanian-Deadlift
239,3,concentric,MEDIUM,synergistic,Single-Leg-Romanian-Deadlift,Single-Leg-Romanian-Deadlift
239,20,isometric,LOW,stabilizing,Single-Leg-Romanian-Deadlift,Single-Leg-Romanian-Deadlift
239,9,isometric,LOW,stabilizing,Single-Leg-Romanian-Deadlift,Single-Leg-Romanian-Deadlift
240,10,concentric,HIGH,primary,Standing-Glute-Kickback-in-Machine,Standing-Glute-Kickback-in-Machine
240,11,isometric,LOW,stabilizing,Standing-Glute-Kickback-in-Machine,Standing-Glute-Kickback-in-Machine
240,3,isometric,LOW,stabilizing,Standing-Glute-Kickback-in-Machine,Standing-Glute-Kickback-in-Machine
241,13,concentric,HIGH,primary,Ball-Slams,Ball-Slams
241,1,concentric,HIGH,primary,Ball-Slams,Ball-Slams
241,15,concentric,HIGH,primary,Ball-Slams,Ball-Slams
241,10,concentric,MEDIUM,synergistic,Ball-Slams,Ball-Slams
241,4,concentric,MEDIUM,synergistic,Ball-Slams,Ball-Slams
242,1,concentric,HIGH,primary,Cable-Crunch,Cable-Crunch
242,15,isometric,LOW,stabilizing,Cable-Crunch,Cable-Crunch
243,1,concentric,HIGH,primary,Crunch,Crunch
243,15,isometric,LOW,stabilizing,Crunch,Crunch
244,1,isometric,MEDIUM,primary,Dead-Bugs,Dead-Bugs
244,15,isometric,LOW,stabilizing,Dead-Bugs,Dead-Bugs
245,1,isometric,MEDIUM,primary,Dead-Bugs-with-Dumbbells,Dead-Bugs-with-Dumbbells
245,15,isometric,LOW,stabilizing,Dead-Bugs-with-Dumbbells,Dead-Bugs-with-Dumbbells
246,1,concentric,HIGH,primary,Dragon-Flag,Dragon-Flag
246,15,concentric,MEDIUM,synergistic,Dragon-Flag,Dragon-Flag
246,13,isometric,LOW,stabilizing,Dragon-Flag,Dragon-Flag
247,1,concentric,HIGH,primary,Hanging-Knee-Raise,Hanging-Knee-Raise
247,15,isometric,LOW,stabilizing,Hanging-Knee-Raise,Hanging-Knee-Raise
248,1,concentric,HIGH,primary,Hanging-Leg-Raise,Hanging-Leg-Raise
248,15,isometric,LOW,stabilizing,Hanging-Leg-Raise,Hanging-Leg-Raise
249,1,concentric,HIGH,primary,Hanging-Sit-Up,Hanging-Sit-Up
249,15,isometric,LOW,stabilizing,Hanging-Sit-Up,Hanging-Sit-Up
250,15,concentric,HIGH,primary,Hanging-Windshield-Wiper,Hanging-Windshield-Wiper
250,1,isometric,MEDIUM,primary,Hanging-Windshield-Wiper,Hanging-Windshield-Wiper
250,9,isometric,LOW,stabilizing,Hanging-Windshield-Wiper,Hanging-Windshield-Wiper
251,15,concentric,HIGH,primary,High-to-Low-Wood-Chop-with-Band,High-to-Low-Wood-Chop-with-Band
251,1,isometric,LOW,stabilizing,High-to-Low-Wood-Chop-with-Band,High-to-Low-Wood-Chop-with-Band
252,15,concentric,HIGH,primary,Cable-Machine-Wood-Chop-High-to-Low,Cable-Machine-Wood-Chop-High-to-Low
252,1,isometric,LOW,stabilizing,Cable-Machine-Wood-Chop-High-to-Low,Cable-Machine-Wood-Chop-High-to-Low
253,1,isometric,MEDIUM,primary,Hollow-Hold,Hollow-Hold
253,15,isometric,LOW,stabilizing,Hollow-Hold,Hollow-Hold
253,22,isometric,LOW,stabilizing,Hollow-Hold,Hollow-Hold
254,15,concentric,HIGH,primary,Horizontal-Wood-Chop-with-Band,Horizontal-Wood-Chop-with-Band
255,15,concentric,HIGH,primary,Horizontal-Wood-Chop-with-Cable,Horizontal-Wood-Chop-with-Cable
256,1,concentric,HIGH,primary,Jackknife-Sit-Up,Jackknife-Sit-Up
256,22,concentric,HIGH,primary,Jackknife-Sit-Up,Jackknife-Sit-Up
256,15,isometric,LOW,stabilizing,Jackknife-Sit-Up,Jackknife-Sit-Up
257,1,isometric,MEDIUM,primary,Kettlebell-Plank-Pull-Through,Kettlebell-Plank-Pull-Through
257,15,isometric,LOW,stabilizing,Kettlebell-Plank-Pull-Through,Kettlebell-Plank-Pull-Through
258,1,concentric,HIGH,primary,Kneeling-Ab-Wheel-Roll-Out,Kneeling-Ab-Wheel-Roll-Out
258,15,isometric,LOW,stabilizing,Kneeling-Ab-Wheel-Roll-Out,Kneeling-Ab-Wheel-Roll-Out
259,1,isometric,MEDIUM,primary,Kneeling-Plank,Kneeling-Plank
259,15,isometric,LOW,stabilizing,Kneeling-Plank,Kneeling-Plank
260,15,isometric,MEDIUM,primary,Kneeling-Side-Plank,Kneeling-Side-Plank
260,1,isometric,LOW,stabilizing,Kneeling-Side-Plank,Kneeling-Side-Plank
261,1,isometric,HIGH,primary,L-Sit,L-Sit
261,7,isometric,LOW,stabilizing,L-Sit,L-Sit
261,4,isometric,LOW,stabilizing,L-Sit,L-Sit
261,21,isometric,LOW,stabilizing,L-Sit,L-Sit
261,15,isometric,LOW,stabilizing,L-Sit,L-Sit
261,17,isometric,LOW,stabilizing,L-Sit,L-Sit
262,1,concentric,HIGH,primary,Lying-Leg-Raise,Lying-Leg-Raise
262,15,isometric,LOW,stabilizing,Lying-Leg-Raise,Lying-Leg-Raise
263,15,concentric,HIGH,primary,Lying-Windshield-Wiper,Lying-Windshield-Wiper
263,1,isometric,LOW,stabilizing,Lying-Windshield-Wiper,Lying-Windshield-Wiper
264,15,concentric,HIGH,primary,Lying-Windshield-Wiper-with-Bent-Knees,Lying-Windshield-Wiper-with-Bent-Knees
264,1,isometric,LOW,stabilizing,Lying-Windshield-Wiper-with-Bent-Knees,Lying-Windshield-Wiper-with-Bent-Knees
265,1,concentric,HIGH,primary,Machine-Crunch,Machine-Crunch
265,15,isometric,LOW,stabilizing,Machine-Crunch,Machine-Crunch
266,1,isometric,MEDIUM,primary,Mountain-Climbers,Mountain-Climbers
266,15,isometric,LOW,stabilizing,Mountain-Climbers,Mountain-Climbers
267,15,concentric,HIGH,primary,Oblique-Crunch,Oblique-Crunch
267,1,isometric,LOW,stabilizing,Oblique-Crunch,Oblique-Crunch
268,15,concentric,HIGH,primary,Oblique-Sit-Up,Oblique-Sit-Up
268,1,isometric,LOW,stabilizing,Oblique-Sit-Up,Oblique-Sit-Up
269,1,isometric,MEDIUM,primary,Plank,Plank
269,15,isometric,LOW,stabilizing,Plank,Plank
270,1,isometric,MEDIUM,primary,Plank-with-Leg-Lifts,Plank-with-Leg-Lifts
270,15,isometric,LOW,stabilizing,Plank-with-Leg-Lifts,Plank-with-Leg-Lifts
271,15,concentric,HIGH,primary,Russian-Twist,Russian-Twist
271,1,isometric,MEDIUM,primary,Russian-Twist,Russian-Twist
272,15,isometric,MEDIUM,primary,Side-Plank,Side-Plank
272,1,isometric,LOW,stabilizing,Side-Plank,Side-Plank
273,1,concentric,HIGH,primary,Sit-Up,Sit-Up
273,15,isometric,LOW,stabilizing,Sit-Up,Sit-Up
274,6,concentric,HIGH,primary,Barbell-Standing-Calf-Raise,Barbell-Standing-Calf-Raise
275,6,concentric,HIGH,primary,Donkey-Calf-Raises,Donkey-Calf-Raises
276,6,eccentric,HIGH,primary,Eccentric-Heel-Drop,Eccentric-Heel-Drop
277,6,concentric,HIGH,primary,Heel-Raise,Heel-Raise
278,6,concentric,HIGH,primary,Seated-Calf-Raise,Seated-Calf-Raise
279,6,concentric,HIGH,primary,Standing-Calf-Raise,Standing-Calf-Raise
280,9,concentric,HIGH,primary,Barbell-Wrist-Curl,Barbell-Wrist-Curl
281,9,concentric,HIGH,primary,Barbell-Wrist-Curl-Behind-the-Back,Barbell-Wrist-Curl-Behind-the-Back
282,9,isometric,HIGH,primary,Bar-Hang,Bar-Hang
283,9,concentric,HIGH,primary,Dumbbell-Wrist-Curl,Dumbbell-Wrist-Curl
284,9,isometric,HIGH,primary,Farmers-Walk,Farmers-Walk
284,15,isometric,HIGH,primary,Farmers-Walk,Farmers-Walk
284,10,concentric,HIGH,primary,Farmers-Walk,Farmers-Walk
284,20,isometric,HIGH,primary,Farmers-Walk,Farmers-Walk
284,17,concentric,MEDIUM,synergistic,Farmers-Walk,Farmers-Walk
284,1,isometric,LOW,stabilizing,Farmers-Walk,Farmers-Walk
284,14,isometric,LOW,stabilizing,Farmers-Walk,Farmers-Walk
284,6,concentric,MEDIUM,synergistic,Farmers-Walk,Farmers-Walk
284,12,isometric,LOW,stabilizing,Farmers-Walk,Farmers-Walk
285,10,concentric,HIGH,primary,Fat-Bar-Deadlift,Fat-Bar-Deadlift
285,9,isometric,HIGH,primary,Fat-Bar-Deadlift,Fat-Bar-Deadlift
285,14,concentric,HIGH,primary,Fat-Bar-Deadlift,Fat-Bar-Deadlift
285,17,concentric,MEDIUM,synergistic,Fat-Bar-Deadlift,Fat-Bar-Deadlift
285,11,concentric,MEDIUM,synergistic,Fat-Bar-Deadlift,Fat-Bar-Deadlift
285,3,concentric,MEDIUM,synergistic,Fat-Bar-Deadlift,Fat-Bar-Deadlift
285,20,isometric,LOW,stabilizing,Fat-Bar-Deadlift,Fat-Bar-Deadlift
286,9,isometric,HIGH,primary,Gripper,Gripper
287,9,isometric,HIGH,primary,One-Handed-Bar-Hang,One-Handed-Bar-Hang
288,9,isometric,HIGH,primary,Plate-Pinch,Plate-Pinch
289,9,concentric,HIGH,primary,Plate-Wrist-Curl,Plate-Wrist-Curl
290,9,isometric,HIGH,primary,Towel-Pull-Up,Towel-Pull-Up
290,13,concentric,HIGH,primary,Towel-Pull-Up,Towel-Pull-Up
290,5,concentric,MEDIUM,synergistic,Towel-Pull-Up,Towel-Pull-Up
290,16,concentric,MEDIUM,synergistic,Towel-Pull-Up,Towel-Pull-Up
290,18,isometric,LOW,stabilizing,Towel-Pull-Up,Towel-Pull-Up
291,9,concentric,HIGH,primary,Wrist-Roller,Wrist-Roller
292,8,concentric,HIGH,primary,Barbell-Wrist-Extension,Barbell-Wrist-Extension
293,8,concentric,HIGH,primary,Dumbbell-Wrist-Extension,Dumbbell-Wrist-Extension
